year,region,post_rural_vitalization,agri_loan_balance,agri_loan_growth_rate,grain_yield_per_ha,per_capita_agri_output,agri_machinery_power_per_1000ha,forest_cover_rate,fertilizer_use_intensity,sanitary_toilet_rate,cultural_spending_share,township_culture_stations_per_10k,avg_education_years_rural,urban_rural_governance_index,village_governance_participation_rate,rural_disposable_income_per_capita,rural_engel_coefficient,cars_per_100_households,industry_score,ecology_score,culture_score,governance_score,affluence_score,rural_vitalization_index
2013,上海,0,255.48,0.0,6.562,3.1,251.2,45.15,0.7,61.31,10.105,2.095,9.286,65.15,54.36,15269.49,31.87,16.74,56.66525243396164,21.111394214645436,79.59398782902659,33.56415088051034,49.26726338500133,39.4571409010122
2014,上海,0,252.37,-0.012173164239862144,6.61,3.021,268.62,47.53,0.676,64.99,10.128,2.068,9.228,65.72,54.81,16255.77,31.1,14.78,57.815267417665595,28.484325766613033,77.96415379195287,34.73642161516442,52.409644018886624,43.22507227181295
2015,上海,0,303.85,0.20398621072235223,6.894,3.088,292.29,47.94,0.667,67.58,10.442,2.106,9.323,70.58,55.45,16526.35,30.85,18.39,64.43912942250888,31.81165623390514,82.65180486241877,41.09764974070901,58.64144674072944,51.99883638319946
2016,上海,0,294.93,-0.02935659042290606,6.973,3.196,297.25,46.38,0.669,74.18,10.825,2.067,9.233,70.41,54.2,17464.03,30.31,16.17,67.48632319453601,35.839959129281986,82.3532136460624,39.47968213602962,60.68510859487491,54.5436797330331
2017,上海,0,304.65,0.032956972841013066,7.3,3.342,289.56,50.39,0.646,72.86,10.702,2.017,9.36,71.23,58.33,18091.0,29.99,20.63,72.47090468092253,40.44337688094261,82.60690296235994,45.124892375446066,69.50043266920306,62.61120360889485
2018,上海,1,311.42,0.022222222222222365,7.234,3.402,305.8,45.37,0.659,73.98,10.461,2.027,9.424,72.49,56.62,18082.74,29.49,19.85,74.39970884011167,35.33674491229916,82.54822504210344,44.64169245958111,69.75617097991773,61.67193834692557
2019,上海,1,340.44,0.0931860509922291,7.452,3.516,318.5,51.03,0.645,76.34,10.878,2.228,9.318,72.8,63.36,18743.86,27.93,20.02,79.86863656337445,44.21755431820185,88.46727668901389,52.66255498271997,76.41541274842687,72.69974997616265
2020,上海,1,349.42,0.02637762895076956,7.443,3.626,339.11,53.66,0.629,81.72,10.961,2.338,9.444,74.08,64.54,19214.34,27.84,20.16,83.64968835254277,52.7666300218399,94.1805984475718,55.487667147322085,78.5718262017189,79.83562448845547
2021,上海,1,360.54,0.031824165760403034,7.693,3.724,355.36,52.35,0.61,80.73,10.44,2.311,9.563,76.35,64.53,20054.18,27.05,19.72,89.59572238396066,51.90312663136785,92.4224712076777,58.10769033333336,83.15259759045239,83.7771930744823
2022,上海,1,382.57,0.06110279025905574,7.978,3.906,334.04,54.3,0.609,82.77,10.927,2.244,9.587,79.06,62.78,20600.73,26.13,22.73,93.23457841479417,55.7646363775298,94.1247815169198,59.25986561261964,91.35960255630528,89.80639956697586
2023,上海,1,386.82,0.011109078077214729,8.012,4.047,373.9,51.35,0.618,86.71,10.98,2.332,9.646,76.7,66.51,21008.5,25.2,22.24,100.0,55.53856879469269,97.84569240307607,60.764121871117574,94.6287817460865,94.80641614717132
2013,云南,0,588.02,0.0,7.413,1.788,229.71,38.14,0.883,74.94,10.352,1.64,7.742,66.02,73.54,13063.95,37.39,12.0,43.41371929873417,12.824960486842294,40.86467493626099,56.37499488083913,20.94216537208406,20.64962815117348
2014,云南,0,605.33,0.029437774225366642,7.108,1.699,208.45,39.25,0.831,75.59,10.949,1.62,7.894,70.15,75.34,13756.37,37.15,11.41,36.478312252042706,18.230062765716653,46.83067598362091,63.208603044285574,23.37906076006125,23.967449198252787
2015,云南,0,634.86,0.04878330827812927,7.585,2.014,241.47,39.32,0.791,80.21,10.616,1.679,7.871,71.59,82.16,14039.21,35.94,13.98,50.009151238261296,25.18656038627607,45.891988079703886,72.63030255877896,30.787878257698758,36.62877100509719
2016,云南,0,654.18,0.030431906247046392,7.588,1.814,243.05,42.48,0.844,85.98,10.996,1.837,7.928,70.96,75.69,14514.76,35.03,12.86,47.12785895542247,29.719286791438034,53.44220724110921,64.54541020679063,33.45728864571125,37.00177201691443
2017,云南,0,681.77,0.04217493656180271,8.065,1.944,236.92,42.11,0.848,83.39,11.084,1.844,7.985,73.77,82.8,14933.86,34.06,14.94,53.65975881709548,26.7883614572833,55.217237831691136,75.88486711538044,40.13659599477853,44.78408791075899
2018,云南,1,710.99,0.04285902870469527,8.074,1.969,245.65,44.47,0.822,86.91,11.402,1.889,8.001,76.06,82.07,15521.48,33.11,15.57,55.067752744040476,34.14283460014817,58.66457404981445,77.70963415812993,45.54852493148902,50.77868515342869
2019,云南,1,748.36,0.0525605142125769,8.121,2.059,253.27,41.62,0.812,92.22,11.6,1.71,8.142,77.23,86.21,15532.74,32.63,15.18,57.772096047595156,36.568338688497896,57.77989822559104,83.77193261102421,46.321294618937564,54.57028522626177
2020,云南,1,781.44,0.044203324603132144,8.602,2.195,288.36,44.4,0.797,95.12,11.974,1.84,8.158,79.04,86.06,16119.26,31.97,14.6,68.80796100609993,43.03069918097624,63.80592558509971,85.69958134793787,49.45051811974636,64.01441572120874
2021,云南,1,824.85,0.05555128992628977,8.323,2.228,284.33,43.19,0.787,95.33,11.933,2.029,8.168,75.95,85.58,16750.59,31.33,12.8,65.86028883334427,42.68053016904623,68.69639003963427,81.57201782122844,51.14486615046323,63.12800668077974
2022,云南,1,881.23,0.06835182154331099,8.659,2.276,317.78,43.86,0.763,98.88,12.061,1.946,8.258,79.9,86.92,17048.21,30.96,15.51,73.7923676507609,48.18103525314669,68.962209531989,87.674077126475,56.64012178626241,71.7423370752767
2023,云南,1,895.39,0.016068449780420435,8.896,2.295,316.11,43.44,0.784,100.0,12.153,1.875,8.286,82.86,87.23,17647.12,29.81,15.36,76.4811631874172,47.23692913307967,68.18262603514394,91.45770146109405,61.613876653764734,75.09457838741604
2013,内蒙古,0,614.04,0.0,5.428,2.36,327.27,43.65,0.586,53.55,7.058,1.706,8.029,71.08,72.08,17496.26,41.84,27.67,41.01410363831061,20.87897923641714,27.427646657506383,60.58094632196966,45.95660435133407,28.309476870713496
2014,内蒙古,0,679.28,0.10624715002279994,5.483,2.519,335.3,47.07,0.598,58.73,7.594,1.73,8.07,70.09,72.74,17990.7,40.76,27.75,44.911795574544016,28.076058071776856,32.13451531452734,60.1835723757471,50.655501281366675,34.60930305739654
2015,内蒙古,0,697.99,0.02754386997997882,5.844,2.604,356.06,46.48,0.586,59.16,7.616,1.67,8.069,71.62,74.39,18941.84,40.29,28.93,52.34056791857304,28.69813967276194,30.6775998280736,63.83274482124184,56.890848935355585,40.52894412962146
2016,内蒙古,0,740.74,0.06124729580653021,5.624,2.621,344.51,45.65,0.577,60.86,7.826,1.799,8.138,75.23,75.25,19498.91,39.38,29.87,48.99004135328782,29.97144436910184,36.63209191349038,68.99504836641835,62.48096000599232,44.42372252140098
2017,内蒙古,0,750.06,0.012582012582012414,5.424,2.827,350.99,47.65,0.559,62.65,7.77,1.706,8.144,75.36,77.47,20598.26,38.45,32.16,50.679119687891216,34.87354017690088,33.95343651124891,71.66926868278688,71.85306251546317,49.82132214349303
2018,内蒙古,1,817.44,0.08983281337493021,5.657,2.856,381.29,44.8,0.537,67.2,7.786,1.796,8.245,79.07,77.28,20575.51,38.29,32.87,56.866426385294744,37.48670447747923,38.26762372908424,75.75393388575635,73.07957737880425,55.80245115351396
2019,内蒙古,1,843.04,0.03131728322568006,5.672,2.832,400.35,48.8,0.525,68.41,8.179,1.915,8.335,78.84,78.36,20996.59,36.43,33.34,58.679317299866426,43.51193216498728,45.479934403642694,76.7149775358026,79.9945037589991,62.63272999534331
2020,内蒙古,1,900.0,0.06756500284683997,6.195,2.809,362.6,50.4,0.548,70.23,8.226,1.89,8.386,80.22,79.42,21643.93,35.97,35.58,60.00265154331817,45.1157053744091,46.050569352505626,79.51960328287021,86.42221488664624,66.72213727729472
2021,内蒙古,1,905.38,0.00597777777777786,6.1,3.144,402.52,47.68,0.533,72.32,9.271,1.777,8.372,79.15,80.49,22417.1,35.19,37.07,68.36277106714262,45.212764856378904,49.309782860557014,79.49554933556468,93.18219000227442,72.96709467377904
2022,内蒙古,1,929.35,0.02647507124080506,6.161,3.067,400.21,51.14,0.541,72.23,8.941,2.001,8.457,83.03,83.62,23033.31,33.68,34.7,67.5939406566794,48.12408981763379,54.701829148170035,87.55119771748468,96.3190735553857,78.40777138726065
2023,内蒙古,1,973.87,0.04790444934631721,6.373,3.267,428.01,50.72,0.541,76.36,8.347,1.955,8.471,84.15,84.28,23393.46,33.37,35.92,75.9228380237065,51.30577025296845,50.06637603888468,89.5997417303927,100.0,83.42388656843785
2013,北京,0,655.13,0.0,7.508,1.535,371.06,27.56,0.552,59.32,7.2,1.431,9.449,54.34,53.7,14589.72,40.78,26.95,55.5261829977367,11.795335182740995,47.13275013155621,20.28293150078941,36.94806353579494,20.246281332699525
2014,北京,0,683.52,0.04333491062842487,7.477,1.644,426.84,27.64,0.513,56.85,7.343,1.397,9.396,52.37,57.78,14958.87,39.14,25.95,62.77995893702565,12.487508300641768,46.15524263763713,22.637129735614767,41.2398478403068,25.207492977172667
2015,北京,0,763.79,0.11743621254681647,7.895,1.63,443.84,26.7,0.489,63.41,8.033,1.448,9.543,54.64,57.64,15761.25,39.37,27.09,68.90387440141888,18.965847738423662,54.470240174521415,25.10937899667184,45.0828362085137,33.65481763883807
2016,北京,0,779.62,0.02072559211301539,7.723,1.876,444.63,27.83,0.513,64.44,7.995,1.437,9.501,56.65,61.37,15988.29,38.88,29.71,70.91022856912672,19.323959401403986,53.17546938899995,31.679351597065793,50.50804240984065,38.05189025505157
2017,北京,0,793.99,0.018432056642979866,8.169,1.907,463.8,26.88,0.506,64.38,7.453,1.596,9.603,58.35,60.07,16389.59,38.54,32.85,78.26137949779658,18.79178957133023,55.85792996497777,32.17225714871879,56.858387375966636,43.59545262804172
2018,北京,1,839.76,0.05764556228667872,8.176,2.055,462.58,31.53,0.509,66.8,8.195,1.64,9.688,59.36,63.04,16940.75,37.47,31.97,80.48825146366008,25.47843897932502,63.174639204056895,36.71911782514785,60.5226179891874,50.92979631199031
2019,北京,1,883.92,0.05258645327236344,8.085,2.061,489.0,28.14,0.504,71.59,8.372,1.636,9.682,59.32,59.54,17535.26,35.55,34.28,82.39246629457837,26.538318244569737,64.05755548595997,32.69422096341093,70.5735788682945,54.13604604495359
2020,北京,1,875.91,-0.00906190605484658,8.567,1.889,500.48,27.6,0.495,73.12,7.96,1.501,9.802,62.86,63.12,18097.35,34.73,33.21,86.19203182995282,27.96113327206433,60.158833142864495,40.86726550993342,73.39818126394006,58.64572616334817
2021,北京,1,944.77,0.07861538285896952,8.631,2.11,504.43,30.18,0.478,76.94,8.326,1.656,9.858,61.6,64.91,18207.18,34.03,37.44,90.71027673589342,35.164881574970224,67.52511539621993,41.441403225770195,80.97027269071809,67.04169704640297
2022,北京,1,1008.26,0.0672015411158271,8.921,2.183,544.6,29.04,0.466,77.97,8.653,1.689,9.875,61.63,66.97,19059.76,33.52,34.79,99.24022932055067,35.74628943119595,70.7316114427898,43.81782765977183,82.07458377664251,72.46420399972438
2023,北京,1,984.32,-0.023743875587646013,8.849,2.223,522.68,29.33,0.472,77.8,8.6,1.624,9.916,63.52,68.37,19461.19,32.07,35.25,96.75193362722652,35.469480059480446,69.44849660433637,47.6001324970783,87.85612794480333,74.11485545834523
2013,吉林,0,627.36,0.0,5.345,2.496,234.46,26.61,0.708,81.71,9.019,2.247,8.283,52.0,67.51,17654.38,37.15,7.75,32.37316520910256,19.324615478649164,58.452150419413776,33.268534612222716,33.21508906808947,19.084563950648977
2014,吉林,0,652.27,0.03970606988013259,5.4,2.569,280.78,27.0,0.67,85.48,9.044,2.254,8.344,51.64,70.46,18313.15,35.85,8.04,39.00350612020295,25.724389514630587,59.909742482690056,36.20455296946029,39.35372568128183,26.952845769392162
2015,吉林,0,639.82,-0.019087187820994278,5.462,2.626,268.92,28.8,0.665,88.14,9.052,2.509,8.398,54.0,70.57,18692.16,35.78,8.71,39.29798332905436,30.258325244529555,67.64368434792065,39.06531110961025,41.79258040012759,32.01847692117101
2016,吉林,0,668.01,0.044059266668750485,5.474,2.747,270.17,30.3,0.657,90.16,9.112,2.352,8.46,56.82,70.51,19357.09,34.68,8.37,41.42491084375447,34.136897991525316,65.03160483021084,42.26605972396704,46.64249559314603,36.01626600058694
2017,吉林,0,727.32,0.08878609601652676,5.817,2.775,283.14,32.88,0.622,95.65,9.461,2.373,8.468,55.35,73.38,19915.19,34.49,9.08,46.95458362554831,44.080809683521736,67.89449902656631,43.8244251463347,50.10439580519631,43.62113469431176
2018,吉林,1,773.91,0.064057086289391,5.97,2.93,310.28,31.08,0.656,93.89,10.092,2.535,8.501,58.92,73.23,20560.89,33.42,9.2,53.87970244583548,38.27380408382107,76.66654981682503,47.79227085389754,55.390727761477464,49.535308188564386
2019,吉林,1,810.09,0.04674962204907551,6.127,2.953,303.43,30.98,0.63,99.13,9.661,2.482,8.602,59.53,78.55,21722.91,32.61,8.6,55.212659572572186,44.60319922246741,74.45406317723668,54.54674827480615,61.016666444276844,55.460255494890426
2020,吉林,1,814.38,0.005295707884308998,6.322,3.081,307.09,31.09,0.647,100.0,10.37,2.43,8.611,59.82,76.8,22246.25,31.81,9.92,59.68960110141721,44.269651043431764,77.65213403004714,52.893652719449754,66.68322691289052,59.15598598651768
2021,吉林,1,845.91,0.03871656966035508,6.099,3.235,332.71,31.23,0.637,100.0,10.161,2.651,8.66,61.36,79.85,22489.58,31.64,13.49,62.35611117244687,45.12416938082484,83.0557612071327,58.145828692693854,72.55850665082549,65.28707403333861
2022,吉林,1,910.92,0.07685214739156643,6.523,3.208,303.75,30.75,0.609,100.0,10.007,2.571,8.743,59.83,82.45,23112.54,29.83,12.18,63.47448377383308,46.61999675860604,81.52265712095578,59.327726870702655,77.83403465810032,67.88330947201923
2023,吉林,1,917.72,0.007464980459315873,6.248,3.349,323.55,31.03,0.612,100.0,10.423,2.654,8.756,59.57,81.68,23420.88,29.58,12.49,64.7594124584089,46.694807905723025,86.52041154244563,58.15105781167333,80.01271868770604,69.91920505482405
2013,四川,0,743.65,0.0,5.377,1.138,329.44,45.64,0.831,84.34,6.77,1.56,7.222,48.86,71.74,12055.13,35.74,31.0,21.863650108505787,32.457982791432265,7.007911888082971,34.43697391764323,45.55314893170333,11.145164597580699
2014,四川,0,790.48,0.06297317286357829,5.543,1.12,313.56,43.61,0.821,85.44,6.182,1.425,7.232,49.35,71.16,12386.47,35.23,31.33,21.705739526566973,32.04319577539266,0.0,34.34568425172139,48.507087913707906,10.193755121179933
2015,四川,0,838.32,0.06052019026414324,5.782,1.159,335.55,44.76,0.841,89.2,6.561,1.571,7.376,48.71,73.22,12823.99,33.93,33.8,27.231637422132813,35.094765191563475,8.824612084377522,35.945442793487246,56.59367007856312,18.50781483360389
2016,四川,0,879.15,0.048704551961064935,5.63,1.115,331.61,47.26,0.818,91.35,6.893,1.53,7.255,51.67,73.33,13188.47,33.81,33.51,24.48600738591842,41.18135148870194,7.588608788589646,39.50172262817671,57.886371924202564,20.589682950042484
2017,四川,0,901.27,0.025160666552920485,5.791,1.13,354.87,47.69,0.784,93.34,6.868,1.697,7.264,51.84,75.65,13816.54,33.17,34.93,28.929907916809427,45.780599834500926,11.982467193793081,42.33598330747934,63.66039837402666,27.572309817151332
2018,四川,1,952.67,0.05703063454902524,5.647,1.29,384.74,48.38,0.802,96.9,6.625,1.657,7.446,54.76,76.82,14106.67,31.95,31.42,32.99691199951869,48.32618608177979,12.762999508547294,47.05082087882626,63.395740743774,31.581521730039032
2019,四川,1,984.93,0.03386272266367163,5.888,1.262,374.07,49.29,0.793,98.91,6.891,1.723,7.501,54.71,77.9,14406.33,31.24,37.68,34.05129646186186,51.660266353693494,17.154307877803365,48.22052103723437,74.27849686814896,37.9120954814809
2020,四川,1,1045.89,0.06189272334074514,6.175,1.399,385.62,48.75,0.77,100.0,7.12,1.729,7.504,54.05,80.53,14861.54,30.76,37.62,40.50182102443623,53.6928394004135,18.78735905746441,50.44502734731486,77.12055158773998,43.099594988454605
2021,四川,1,1075.21,0.028033540812131275,6.388,1.398,384.63,52.41,0.767,100.0,6.996,1.585,7.537,56.45,77.06,15523.64,30.13,39.71,42.69398554228871,57.670191590065215,14.843287721446593,49.28268705169469,83.8468963354218,46.05104836841785
2022,四川,1,1104.04,0.02681336669115786,6.384,1.442,417.07,51.99,0.744,100.0,6.956,1.777,7.549,57.27,85.4,15807.72,30.29,40.6,46.766123046722605,58.87246061990624,19.855388168409167,59.71349901462874,85.62480378310737,53.09775677693468
2023,四川,1,1182.95,0.07147385964276665,6.53,1.429,421.73,54.4,0.759,100.0,7.309,1.876,7.633,56.85,86.58,16013.58,28.5,39.32,48.64474216976284,60.28526888598261,26.184515356344658,60.5679663780356,89.33719776526354,57.23671677489346
2013,天津,0,819.63,0.0,4.799,2.181,267.03,28.95,0.843,78.26,9.141,1.985,8.566,47.83,48.35,10969.5,34.36,26.13,25.043810105289978,9.12038138818893,57.521542492841164,6.655055741919619,38.85610692735819,6.094083467334123
2014,天津,0,836.44,0.020509254175664626,4.899,2.504,298.71,28.18,0.808,80.85,8.644,2.052,8.686,45.76,48.71,11301.96,32.94,23.5,34.46291659499168,13.081505169258612,58.39820199683683,4.664725995631583,40.37806963189489,11.135033350686278
2015,天津,0,893.86,0.06864807995791677,5.003,2.631,283.5,27.58,0.831,83.38,8.398,1.998,8.694,45.76,47.52,11636.51,32.27,25.54,35.936828791623256,13.04387966670229,55.60140416370625,3.3120262210505973,45.925747329351175,12.370297586569697
2016,天津,0,940.15,0.0517866332535295,5.078,2.723,294.23,29.87,0.818,85.12,8.964,1.955,8.669,48.04,52.19,12177.13,32.32,28.98,39.305541156433335,17.845216101362542,57.525108712435966,11.263502733656336,52.17855706539258,20.176452013824026
2017,天津,0,1001.88,0.06565973514864654,5.049,2.698,297.29,25.82,0.822,90.06,9.125,2.043,8.779,48.18,52.96,12281.99,31.73,27.82,38.92980365910384,17.71807292345684,62.851316608649185,12.301067453777765,52.60179415946047,21.714505734533358
2018,天津,1,1041.91,0.03995488481654497,5.456,2.928,313.2,28.11,0.817,91.52,9.354,2.08,8.837,52.1,53.48,12915.44,30.76,29.15,48.57796816869404,21.705990753171754,66.30685685497659,17.436238224586067,59.124675379927005,31.305598176099313
2019,天津,1,1049.33,0.007121536409094631,5.433,2.833,314.95,30.19,0.798,96.53,9.374,2.008,8.817,52.41,52.77,13420.19,30.21,28.52,47.050096313302966,29.578829119134966,64.17406056707839,16.98851812534814,61.60538795101246,33.33044295714286
2020,天津,1,1107.14,0.055092296989507794,5.393,2.935,317.69,29.88,0.799,100.0,9.074,2.174,8.91,51.98,55.58,13684.65,29.44,27.97,48.47764709880851,32.22510580316722,68.37638081634623,19.68425113493873,63.85687378118746,37.296841240284856
2021,天津,1,1178.31,0.06428274653611998,5.471,3.021,322.26,28.68,0.781,99.72,9.559,2.184,8.994,51.83,53.7,13939.89,29.12,33.37,51.133713176091966,32.02491115496003,73.18800973913923,17.37333241196583,72.4851626685104,41.42668141843286
2022,天津,1,1182.61,0.0036492943283177315,5.675,3.114,357.64,34.14,0.789,100.0,9.567,2.468,9.012,54.77,55.46,14556.94,28.58,29.69,58.53051912533841,37.316911690683895,81.02297294235879,22.78202031458967,71.48191792586745,49.28360642562819
2023,天津,1,1262.93,0.0679175721497367,5.74,3.149,357.1,33.76,0.768,100.0,9.516,2.361,9.013,53.46,58.38,14915.61,27.47,33.57,59.71820875406779,38.418212866980376,77.9161214633318,24.58269431381693,80.58170826036637,52.81522953764274
2013,宁夏,0,462.38,0.0,4.424,1.989,408.31,50.66,0.355,61.68,10.798,1.704,8.547,48.46,56.7,10741.92,40.23,13.89,32.98599194910719,51.615374864572495,60.07526851336671,16.87698639324598,7.457186821460474,16.59155003707207
2014,宁夏,0,479.36,0.036723041654050714,4.828,2.107,448.6,52.02,0.328,62.85,11.243,1.818,8.541,47.06,58.58,11172.55,39.55,15.08,43.45961875404233,55.95624777512901,65.7182225870901,17.391140738658507,12.307366048518716,25.148004452221883
2015,宁夏,0,520.57,0.08596879172229643,4.755,2.201,430.51,52.45,0.362,67.88,11.562,1.723,8.551,51.09,60.83,11277.27,37.81,16.71,42.19828274816324,58.38378959577945,65.3866154136036,24.620353744523232,19.213975389177122,29.813467615437148
2016,宁夏,0,519.07,-0.002881456864590737,5.03,2.404,462.72,51.33,0.342,68.71,11.233,1.653,8.583,45.76,62.58,11742.2,37.45,16.27,51.72470240990841,59.37919855492984,62.09510944690647,20.43106706574781,21.302643958636,32.45174059390068
2017,宁夏,0,535.09,0.030862889398346915,5.06,2.186,469.39,50.86,0.35,70.66,11.626,1.892,8.698,52.6,60.81,12322.18,36.6,16.23,49.398614266719655,60.0335890089411,72.91601718347783,26.34801555912135,25.57925736019408,37.53444114721708
2018,宁夏,1,579.33,0.08267768039021473,5.178,2.302,478.21,52.78,0.322,72.89,12.021,1.867,8.698,49.59,64.99,12664.97,35.99,17.24,53.40151769627683,65.94892818083784,74.71000042745904,27.610315106709706,29.6953791733797,43.11947687668306
2019,宁夏,1,598.72,0.03346969775430231,5.385,2.517,504.11,55.04,0.338,75.18,11.737,1.967,8.801,53.21,64.88,12991.69,35.22,20.33,61.70588489540243,69.14010029207259,77.4624248511064,31.681589855470083,36.80376071479316,51.60823491191174
2020,宁夏,1,615.21,0.027542089791555258,5.255,2.682,515.76,55.09,0.338,79.07,12.167,2.006,8.852,51.66,65.64,13539.02,34.5,18.05,64.07113502428295,72.59516718830395,82.0889216525602,30.74873457764211,37.78038459079495,54.75018228288461
2021,宁夏,1,670.53,0.08992051494611575,5.438,2.528,552.69,54.3,0.333,78.16,12.091,1.852,8.861,53.4,64.72,13796.7,33.79,20.43,67.59880378342739,71.34171891733668,77.73992804786884,31.719962792130595,43.57663715046714,56.859067335244504
2022,宁夏,1,705.73,0.05249578691482859,5.318,2.713,542.07,56.27,0.342,82.64,12.648,1.938,8.97,54.59,70.3,13861.37,32.73,22.48,68.02079018060174,76.64819838264317,85.45174929167555,39.4423257010025,49.130554486531395,64.73955554669357
2023,宁夏,1,713.79,0.01142079832230447,5.641,2.83,572.74,54.84,0.32,83.6,12.528,1.916,9.055,54.9,69.25,14462.23,32.57,22.0,76.58018094557069,77.5806353163012,85.68877697622952,38.60811995188429,51.162530381034145,68.85712473503224
2013,安徽,0,453.4,0.0,5.703,1.612,112.02,40.97,0.437,71.47,10.979,1.722,7.669,47.88,60.93,13427.45,34.37,16.01,9.665530543832226,44.389134085986306,45.56778258973543,21.0129849287017,35.105598292684036,11.693404495683803
2014,安徽,0,448.83,-0.010079400088222279,5.846,1.63,148.04,38.1,0.441,76.28,11.621,1.711,7.728,49.03,62.17,13933.26,34.71,17.21,15.312411657339606,45.36183653241186,50.34353619748071,23.75560407613246,37.6415535683853,17.040645209035315
2015,安徽,0,491.12,0.09422275694583693,5.958,1.594,136.4,40.32,0.434,78.25,11.845,1.85,7.686,48.14,60.56,14545.06,33.6,16.82,14.74023594501549,49.86610421786348,54.61160814811862,20.89379033813243,42.2560263316231,19.808256865901004
2016,安徽,0,515.44,0.049519465711028054,5.942,1.821,149.24,40.76,0.401,78.36,12.061,1.769,7.763,50.51,65.35,14908.45,32.61,17.48,19.424458738938373,52.75963542705181,55.23738430931291,29.086001804876837,46.974936362376674,26.81350462335765
2017,安徽,0,495.42,-0.038840602203942365,6.017,1.725,155.28,42.89,0.42,82.37,11.98,1.599,7.763,50.11,62.83,15269.05,31.9,17.58,19.39975207110948,57.1088997777271,50.27230028193795,25.75777997607116,50.25639570757827,26.98691813817948
2018,安徽,1,559.05,0.12843647813976,6.364,1.846,152.73,41.9,0.428,85.5,11.878,1.851,7.879,50.86,64.63,15808.41,31.9,20.68,24.760993817955917,58.26095464390243,58.38223912432532,28.67328259361173,56.20023150617851,34.20303824135751
2019,安徽,1,596.2,0.06645201681423862,6.365,1.911,149.2,44.66,0.402,88.78,12.287,1.688,7.926,52.23,65.83,15950.26,30.68,22.51,25.399196163259642,65.81682149802596,57.502456955610725,31.62545746238773,62.17026194130568,39.46300167692638
2020,安徽,1,612.92,0.02804428044280427,6.403,2.093,170.64,41.02,0.44,91.45,12.696,2.018,8.016,55.83,64.33,17040.91,29.91,18.24,30.887735720819688,61.70935063552583,70.3529263388538,34.093503880152895,62.765115977788014,44.35511171153244
2021,安徽,1,644.37,0.05131175357306028,6.985,2.048,170.53,43.42,0.429,91.48,12.466,1.908,7.986,54.51,63.32,17073.99,29.08,21.53,36.5013993668045,64.98550878087799,65.48840633189977,31.415266427521633,69.18964749255652,47.644535379070255
2022,安徽,1,644.23,-0.00021726647733444349,6.815,2.159,164.72,46.36,0.404,94.88,12.6,1.938,8.06,54.88,68.77,18078.95,28.3,18.2,35.7501878556784,72.76044327930975,68.46433484346004,38.039309095568655,70.68608600340288,53.085685056905774
2023,安徽,1,668.43,0.037564223957282206,6.621,2.092,174.14,49.12,0.39,99.78,13.311,1.87,8.109,54.95,69.34,18532.22,27.94,23.44,33.60999088258699,80.88112637702066,71.98841158471836,38.76838511806423,79.94924351505512,58.80932697139783
2013,山东,0,827.75,0.0,4.613,2.25,276.36,23.39,0.395,61.35,6.401,1.827,7.964,73.01,70.89,11106.53,39.3,24.51,25.07621061706474,20.438184223230973,25.336386145004642,61.4655079981574,24.683922672988942,14.912728587302423
2014,山东,0,907.14,0.09591060102687998,4.829,2.471,308.81,28.79,0.38,63.78,6.489,1.881,7.994,77.16,71.96,11548.25,38.81,24.76,34.26483321251473,29.183893355045637,27.850014146209144,67.49249279334549,27.895324652239623,24.838509071657604
2015,山东,0,945.25,0.04201115594064864,4.807,2.401,315.7,25.65,0.363,67.75,6.233,2.002,8.046,77.09,74.59,11919.46,38.32,26.54,33.67766782371947,30.636051438129396,30.392038340471473,70.40092876972321,32.78891391707728,28.13920322985275
2016,山东,0,979.51,0.03624437979370532,4.767,2.503,321.93,25.81,0.348,69.43,7.171,2.015,8.08,76.51,77.3,12072.12,37.21,29.15,35.47505525891946,33.33635955833072,37.17544089356197,72.80910910571411,39.50922402565499,34.20547641278738
2017,山东,0,1027.19,0.04867739992445208,4.916,2.714,322.38,25.42,0.349,70.17,6.668,2.003,8.121,81.05,76.42,12612.85,36.96,29.13,40.39116035568392,33.511683553301,34.49218945336158,77.07157412803952,42.132239853519984,37.74889415239325
2018,山东,1,1049.63,0.021846007067825912,5.15,2.712,324.48,27.48,0.343,75.41,6.455,2.137,8.185,80.18,81.41,13061.21,35.06,29.78,43.1233580416978,40.64150357597228,37.86229313077464,81.73531294420023,49.47949548415446,45.689380270698415
2019,山东,1,1088.84,0.03735602069300592,5.271,2.673,355.89,28.99,0.338,79.73,7.184,2.138,8.222,82.23,83.24,13176.64,35.37,29.16,47.16469853678674,46.329638183048885,43.08924513152026,86.19188090823249,48.32850768657278,51.376578622727926
2020,山东,1,1171.54,0.07595238969912943,5.509,2.81,358.93,28.61,0.345,79.35,7.498,2.239,8.311,83.85,82.23,13668.97,34.11,27.75,52.181435754885406,45.108957815861814,49.32065164669174,86.92169975884477,51.58609688583965,55.71700244644481
2021,山东,1,1196.31,0.021143110777267493,5.288,2.829,382.39,29.21,0.332,80.57,7.174,2.206,8.389,86.98,81.74,14107.33,32.38,31.27,52.56088866417087,47.71719781670802,47.87509249280604,89.99301057386502,62.10883186528522,60.65294864991162
2022,山东,1,1261.29,0.054317024851418205,5.523,2.968,388.76,27.29,0.363,81.54,7.594,2.264,8.275,88.44,82.15,14388.86,32.67,29.82,57.92875006217745,44.38861118711011,49.912174264265374,92.15150292210011,60.57154204851567,62.403607888638035
2023,山东,1,1308.38,0.03733479215723601,5.531,3.055,410.45,25.31,0.345,84.16,7.547,2.293,8.474,90.69,86.76,14819.68,32.01,33.8,61.65446513376467,45.92363222118629,54.03161437400591,100.0,68.91669723047062,70.46810902612366
2013,山西,0,764.75,0.0,5.801,1.989,201.5,51.84,0.66,72.66,7.114,1.799,8.308,52.64,54.94,9995.06,33.83,28.32,26.01996177140324,40.76491476832943,35.333284212040354,19.721822599157537,39.37180369484138,15.52947956437087
2014,山西,0,803.34,0.05046093494606074,6.305,2.019,203.91,57.67,0.628,75.07,7.22,1.958,8.351,53.39,55.78,10048.65,32.99,28.69,32.20933238702045,51.14327144883006,40.95332163577506,21.54607161703614,42.18754178930885,24.067139659268932
2015,山西,0,839.13,0.04455149749794596,6.351,2.28,233.01,59.96,0.641,77.21,7.947,1.689,8.422,54.16,57.49,10579.97,32.72,31.76,39.81357066398411,54.447211553602784,39.70373492282642,24.382453266093055,48.753287570064806,30.801700452364233
2016,山西,0,905.59,0.0792010773062577,6.456,2.177,218.02,55.65,0.62,79.02,7.574,1.862,8.389,57.76,59.05,10916.86,32.04,30.09,37.77816306007079,53.090334519356034,41.32610271810498,30.328870532780762,49.620755664957265,32.10894430444729
2017,山西,0,965.94,0.06664163694387093,6.232,2.26,225.68,60.8,0.623,81.59,7.647,1.992,8.549,54.27,59.41,11140.3,31.05,34.96,37.43672830517662,60.42246374679298,48.12597755794354,26.69247277608258,59.169371993990474,37.78090220354936
2018,山西,1,993.21,0.028231567178085504,6.575,2.398,261.43,62.01,0.606,82.14,8.282,1.829,8.44,57.09,58.62,11535.82,30.79,34.02,47.075119108826314,63.35605061515075,45.787026735188164,29.063413965696398,60.109183296643295,43.01621390717925
2019,山西,1,1020.0,0.02697314767269754,6.664,2.494,251.68,58.32,0.594,85.8,8.475,1.981,8.597,59.63,61.35,11890.88,29.7,35.17,48.48717796750167,63.616043447448554,53.853777527272705,35.11104156328569,65.67532253839131,49.2489381931843
2020,山西,1,1072.66,0.05162745098039223,6.851,2.437,263.63,61.37,0.591,91.97,8.007,1.922,8.8,60.6,62.7,12570.04,29.84,34.48,50.905561746382055,72.36461133156567,53.12497852420483,37.77004367731587,66.96487421642465,54.05226762871058
2021,山西,1,1128.44,0.05200156619991425,6.85,2.686,268.76,62.89,0.556,92.54,8.161,2.055,8.685,60.35,66.52,12711.4,28.97,37.27,55.27454620348773,76.91348179510616,55.46248307251961,41.82252291991267,73.25866577968321,61.05125918208188
2022,山西,1,1165.45,0.03279749034064716,6.87,2.668,282.04,63.13,0.587,93.88,8.521,2.108,8.694,62.14,62.98,12921.69,28.45,36.31,56.62165075998845,76.13012559629269,59.251976383458945,39.87349832653532,74.14901573807445,61.90089766602556
2023,山西,1,1198.04,0.02796344759534941,7.217,2.782,295.64,63.91,0.583,98.12,8.194,2.061,8.889,63.42,64.83,13532.45,26.85,39.36,63.58646890451257,80.92642757777486,59.56611096350284,43.460214565901516,84.38304535000854,70.62488086290533
2013,广东,0,796.59,0.0,5.976,1.986,179.94,34.41,0.892,71.78,9.593,1.593,8.254,58.0,54.33,11647.72,35.47,16.75,25.588947060683964,5.584382355870115,44.31291165623265,25.24174901225852,26.62082760147803,4.065046408181867
2014,广东,0,855.22,0.07360122522251089,5.946,2.151,187.45,36.46,0.867,70.82,9.286,1.506,8.322,59.69,54.71,12211.31,35.03,18.66,28.601151938263765,8.6290998295846,41.371863066749384,27.63275633507765,32.26683191963103,8.066748952521417
2015,广东,0,863.97,0.010231285517176891,6.051,2.183,180.44,35.17,0.878,76.13,9.452,1.436,8.361,63.03,57.56,12401.45,32.99,19.46,29.491262589869844,11.166894806964503,41.27930803462993,34.744152892010696,39.202757384328024,13.647182459863236
2016,广东,0,913.96,0.05786080535203775,6.256,2.387,188.69,35.03,0.855,76.81,9.671,1.73,8.293,64.47,57.72,12721.25,32.81,15.52,35.73406775897133,13.252116219026075,49.10838270660391,36.59528055884915,35.844506119522315,18.15924727433276
2017,广东,0,968.83,0.06003545012910849,6.427,2.416,170.5,37.0,0.862,79.67,9.539,1.583,8.434,65.88,58.38,13377.11,32.51,17.11,36.10975367088678,17.283246602628168,47.01668489935821,38.97999339078457,41.069061217752974,21.496183673908437
2018,广东,1,989.63,0.02146919480197762,6.295,2.476,213.28,36.95,0.823,83.12,9.897,1.676,8.425,66.41,60.19,13649.37,31.38,14.45,40.13446827509334,23.02155682818034,51.513676634564455,41.65183861199047,41.58815078411106,26.983087213978887
2019,广东,1,1036.94,0.047805745581682046,6.867,2.404,194.34,40.78,0.838,84.98,10.07,1.663,8.358,68.6,56.97,14319.53,31.35,21.92,43.228167410059356,27.52223852291443,51.016765915703466,40.53024634819344,53.6479109038692,32.976616614844595
2020,广东,1,1098.42,0.059289833548710646,7.095,2.525,209.84,39.05,0.807,87.18,10.084,1.672,8.611,68.11,58.23,14576.91,30.22,16.41,49.21022477919138,29.870580707858117,55.97995995645876,41.39450731387587,50.49007987258209,36.53942105761359
2021,广东,1,1154.28,0.05085486425957275,6.709,2.827,223.48,40.19,0.796,89.65,10.384,1.828,8.552,68.83,65.38,14849.29,29.22,19.91,51.11772280024096,33.985802559947984,60.8539506205338,50.35669921980567,58.50521533369657,45.1284682747727
2022,广东,1,1168.26,0.012111446096267908,7.161,2.726,233.1,39.0,0.829,92.02,9.913,1.842,8.699,71.58,65.29,15405.34,28.78,20.94,55.48834173008398,32.4908525669246,60.995790628874545,53.442201961476755,63.00494293355078,48.81954128719162
2023,广东,1,1214.04,0.039186482461095906,7.322,2.843,218.77,39.95,0.813,92.61,10.036,1.745,8.642,73.81,65.39,15582.38,28.42,21.03,57.520276209489815,35.120983414879696,58.16706141713542,56.14089650948001,64.69716272713045,51.17456567996709
2013,广西,0,622.12,0.0,6.909,1.173,241.06,39.19,0.698,63.85,6.65,0.906,8.011,55.76,70.47,12609.23,32.67,29.01,29.66971140382077,17.346262847043487,3.5660292633421915,40.99183583029466,52.928246935797944,13.042755535651
2014,广西,0,637.34,0.02446473349193079,7.423,1.166,240.45,41.78,0.703,65.44,7.082,0.729,8.104,56.62,70.06,12967.12,32.49,28.0,35.077578969686385,21.04593463522834,3.3050627702987154,41.522694034278985,53.43483569024661,16.62027654480865
2015,广西,0,713.99,0.12026547839457735,7.181,1.146,271.19,40.81,0.679,67.89,6.829,1.011,8.24,59.82,69.83,13080.28,31.29,27.64,35.39965248954683,23.89728255674911,11.632651242814273,44.970696896903966,56.464206754230275,21.6779631720436
2016,广西,0,731.77,0.024902309556156244,7.705,1.287,263.74,38.84,0.689,70.52,6.987,0.968,8.139,59.45,74.22,13696.24,30.65,33.48,42.471408612335615,23.461846048847804,9.631600716477632,49.53200362539217,67.80991285880357,28.898858267465016
2017,广西,0,749.78,0.024611558276507628,7.421,1.255,276.01,41.3,0.671,73.3,6.984,1.064,8.329,58.92,76.69,14524.87,29.78,30.66,40.195349046852144,29.703259965365252,15.617717860623173,51.72533070267924,69.52907131405436,32.63376819040574
2018,广西,1,811.66,0.08253087572354567,7.66,1.382,269.63,41.48,0.685,74.63,7.437,0.917,8.332,62.28,74.84,14782.72,28.96,35.11,44.07063716051536,30.057351794001985,14.623914448775125,53.51731556775186,78.23747045241659,37.36736927483063
2019,广西,1,862.7,0.06288347337555145,7.902,1.322,269.64,41.08,0.664,76.1,7.606,0.993,8.288,61.54,75.04,15088.24,28.4,36.63,45.774634769314254,32.42429336913054,16.860334324589036,52.88684997774937,82.73539590460165,40.54617775775006
2020,广西,1,889.81,0.03142459719485324,8.118,1.476,287.59,42.37,0.669,80.36,7.523,1.022,8.448,63.14,74.4,15838.38,28.02,32.16,52.394452711597935,37.123133853273856,20.041189089396788,54.01407209674672,80.81405529806906,45.156922422383694
2021,广西,1,907.13,0.019464829570357667,8.209,1.529,306.53,42.57,0.64,81.62,7.479,1.109,8.372,63.36,81.25,15928.08,26.67,39.82,56.206036842058396,40.491838159240295,20.658202868209326,62.05564584066592,94.33088547240122,54.70259417402291
2022,广西,1,954.92,0.05268263644681581,8.117,1.273,316.11,44.8,0.637,82.73,7.504,0.928,8.569,65.73,82.74,16655.16,25.75,38.1,52.27835632645086,43.96970093214884,19.67493336009776,66.49667305857228,97.19821302134132,56.32945006699932
2023,广西,1,993.91,0.04083064549909943,8.402,1.573,335.07,45.4,0.63,86.58,7.754,1.057,8.57,66.91,84.11,17075.64,25.32,35.03,62.00366397328361,48.452799228724906,24.63041262542153,69.42184221568425,95.95849401904422,63.30700801642081
2013,新疆,0,525.73,0.0,6.092,1.527,279.71,54.89,0.661,66.14,7.898,1.221,8.271,75.74,70.26,10774.66,37.42,29.48,30.349418702705222,38.12586693079876,24.345045652489492,63.91399653353395,34.56996184740047,26.267817125078267
2014,新疆,0,565.51,0.07566621649896321,6.368,1.494,272.87,60.77,0.64,74.34,8.302,1.141,8.284,75.52,71.02,11077.53,36.43,33.72,32.11262260719178,52.84015236938152,24.98948998567883,64.52288101193518,43.61321124839554,34.83196455991744
2015,新疆,0,577.56,0.02130819967816655,6.005,1.411,295.84,58.26,0.651,77.33,8.64,1.22,8.372,74.99,72.11,11515.64,35.23,30.47,29.327034788538093,52.09328008189882,30.773915807750306,65.14753103970816,44.17780977634009,35.24308494916645
2016,新疆,0,607.83,0.05241013920631632,6.371,1.633,302.77,60.77,0.62,81.07,7.947,1.048,8.391,78.61,73.61,12031.4,35.74,31.89,37.45520781753541,60.14978379868715,22.30845600791777,71.04892901290165,46.59591816646652,41.633530746681544
2017,新疆,0,633.58,0.04236381883092322,6.217,1.742,341.01,60.65,0.621,80.83,8.198,1.201,8.384,77.84,73.64,12060.39,34.59,36.71,41.51488642932999,59.74532094310882,27.753434107875492,70.19044451323207,55.76716141480874,47.036148715649844
2018,新疆,1,652.34,0.029609520502541065,6.62,1.712,320.5,62.67,0.612,81.02,8.278,1.41,8.459,80.54,72.71,12708.04,34.77,30.2,43.25449821227386,62.628550356775,35.11161578783912,72.26314021398727,49.44166947520641,49.037944850464726
2019,新疆,1,682.74,0.04660146549345434,6.797,1.841,346.08,64.29,0.591,86.53,9.337,1.348,8.587,82.58,73.36,13195.21,32.47,33.1,49.874296109616004,70.60788638997558,42.4007827899748,75.3667836001927,60.814428638866325,60.49659486289376
2020,新疆,1,728.42,0.06690687523801153,6.844,1.835,359.81,62.65,0.613,87.93,9.43,1.243,8.594,83.96,79.33,13472.76,32.64,36.45,51.74709656008593,68.58298854114302,40.349730950224895,83.75271682053145,65.66854413140288,64.30097386284841
2021,新疆,1,767.19,0.053224787897092396,6.833,1.936,377.1,62.92,0.612,92.09,9.503,1.43,8.69,85.23,80.25,13550.32,31.65,37.84,55.01595491768227,72.57161425684116,47.47212002327332,86.2706891069828,70.25281008230955,70.79639018859712
2022,新疆,1,803.22,0.04696359441598563,6.742,1.907,361.67,66.28,0.575,94.97,9.316,1.318,8.686,86.89,80.24,14194.75,30.73,38.38,51.94608232365508,81.17615889485975,43.2986823030623,88.18359857021225,75.68484940651483,73.63975897080016
2023,新疆,1,855.1,0.0645900251487761,7.009,1.884,363.67,68.78,0.597,95.41,8.918,1.259,8.662,88.34,83.22,14765.3,29.23,38.25,54.702418736291,82.56914423507006,38.840859733436595,93.2518757143001,81.4729508253337,77.54972824695531
2013,江苏,0,589.13,0.0,6.653,1.355,138.32,50.75,0.712,73.19,11.686,1.614,7.788,45.77,71.01,10716.56,36.79,12.64,18.806972216688266,36.412849541683904,49.30083687874379,30.025229766021866,14.564508874532878,10.022429092445986
2014,江苏,0,596.8,0.013019197800145932,6.934,1.405,132.84,52.09,0.713,77.49,11.475,1.538,7.862,45.6,72.56,11023.28,36.38,13.34,22.04731715284158,41.482325458594275,47.35409253032608,31.590085160356562,17.64159945467279,13.916689791102288
2015,江苏,0,626.87,0.05038538873994636,6.918,1.519,144.34,49.03,0.715,80.55,11.983,1.695,7.878,46.7,73.21,11242.9,36.31,18.53,24.848607581565556,40.87052349044536,54.92011482423249,33.604077891783426,25.23184223223669,19.66813688870221
2016,江苏,0,698.83,0.11479254071817135,7.047,1.517,149.66,51.33,0.716,81.82,11.785,1.587,7.994,51.47,74.27,11564.04,34.94,14.77,26.782074155598295,44.27616149743182,52.984279824831624,40.338401212999216,25.148032311925206,23.156983020561487
2017,江苏,0,707.39,0.01224904483207645,6.881,1.507,152.68,52.52,0.692,86.5,12.677,1.641,7.993,48.94,76.39,12260.12,33.87,16.32,25.145824171993013,51.30018892859489,59.91670719140274,39.81546976694452,32.43876474524339,28.521363260882897
2018,江苏,1,737.99,0.0432576089568697,7.369,1.658,155.17,51.49,0.704,85.4,12.76,1.533,8.104,51.55,78.19,12565.12,33.46,15.53,33.03414874789852,48.42575774997754,59.632261388352546,44.88708963755755,33.61605506973522,32.64347005258591
2019,江苏,1,768.74,0.04166723126329619,7.438,1.699,149.15,54.93,0.722,91.44,12.564,1.638,8.06,50.71,79.7,13068.95,31.86,14.96,33.77698641307879,55.96956269532244,60.36579610124113,45.62981023967056,38.85258783776141,37.392431600964585
2020,江苏,1,789.74,0.027317428519395337,7.313,1.593,163.29,52.62,0.71,89.68,13.079,1.662,8.075,52.91,81.48,13186.27,32.0,17.81,32.28523079532115,52.906489546454495,64.4655507035602,50.20342250235531,42.55249394221242,39.424928546787065
2021,江苏,1,832.06,0.053587256565451824,7.914,1.767,165.36,53.51,0.685,95.71,13.067,1.565,8.128,53.41,87.02,13833.85,31.9,16.96,41.71020633875111,60.87424294694419,62.81682531332292,57.08046656252086,44.13461556583216,47.963066439138565
2022,江苏,1,868.41,0.043686753359132746,7.815,1.688,164.76,58.28,0.66,95.45,13.724,1.684,8.163,55.6,84.4,14053.95,30.56,19.98,39.35469689338469,67.32887381415114,70.65805688955791,56.64090779851257,52.21427482373845,53.354490992939496
2023,江苏,1,889.98,0.02483849794451931,8.124,1.733,188.23,57.62,0.681,98.58,13.28,1.7,8.295,53.67,87.5,14298.61,28.99,17.47,45.88984033590344,67.896630381925,70.74477964896843,57.9274860966523,53.945703120717866,57.09615051643845
2013,江西,0,516.84,0.0,6.369,1.636,360.59,41.43,0.64,77.6,7.08,2.378,9.504,73.76,59.07,17027.53,38.54,17.82,43.606921570255395,35.80199486336428,72.25654475304776,48.89885017049373,40.13001521385977,39.16022496478651
2014,江西,0,489.87,-0.052182493615045344,6.605,1.778,375.84,45.79,0.619,83.37,7.651,2.232,9.504,74.21,62.9,17604.08,37.44,21.95,49.9728761588147,46.82682569295831,71.96594522964538,53.77413861504976,50.33168987164341,49.87303542379611
2015,江西,0,566.23,0.15587809010553833,6.896,1.853,377.63,41.59,0.64,87.87,7.416,2.407,9.594,77.98,64.84,18229.4,37.49,21.71,54.477354978782074,44.9525185583195,76.75270737270566,60.3495749117232,52.22295082536832,54.87882360748512
2016,江西,0,574.62,0.014817300390300714,6.782,1.806,408.59,43.59,0.588,87.14,7.071,2.461,9.651,78.53,65.76,18713.1,36.44,22.72,55.79642742154872,50.06549500565096,77.0755507507482,62.03292116472714,57.98706705863342,59.45356792614916
2017,江西,0,609.77,0.06117086074275169,6.863,1.953,409.92,44.66,0.654,90.77,7.877,2.699,9.685,82.73,66.17,19195.16,35.56,23.31,59.08151478611619,49.65258949733028,88.94655340540888,67.36762925135926,62.77698631778138,66.64624149067106
2018,江西,1,625.05,0.025058628663266358,7.147,2.086,412.93,46.83,0.62,97.28,8.303,2.506,9.776,80.46,69.54,19767.13,34.93,27.35,64.53285616833946,59.996248161709254,88.19167533792853,68.56699366416487,71.64631293131988,75.08585737480436
2019,江西,1,656.22,0.04986801055915535,7.29,2.032,417.44,45.37,0.607,98.04,8.055,2.723,9.821,82.41,69.84,20577.43,33.48,25.21,65.73134395891131,60.08335698089443,93.17501475518361,71.16845592131261,75.64348877389926,78.85968787901696
2020,江西,1,688.18,0.048703178811983605,7.4,1.956,448.35,45.86,0.573,98.31,8.054,2.726,9.72,83.02,70.2,20873.4,33.49,25.54,69.03023562736152,63.23936048617975,91.39519471842706,72.28478974396766,77.1372539755345,81.56781501073698
2021,江西,1,733.38,0.06568049056932779,7.41,2.039,472.65,45.37,0.598,100.0,7.91,2.681,9.895,86.86,69.52,21560.67,32.92,30.38,72.99262093814708,62.43778287636176,92.53020505477976,75.9631572892599,87.29837375331951,87.53249267975329
2022,江西,1,750.25,0.023003081622078536,7.864,2.224,456.11,49.99,0.552,100.0,8.012,2.683,9.982,87.58,71.3,22291.99,32.09,29.05,79.0190207855451,70.45775540780956,94.81103492238961,78.82114937208054,90.4470782590491,94.89894468483618
2023,江西,1,770.26,0.026671109630123313,8.02,2.179,461.13,50.71,0.595,100.0,8.227,2.811,10.009,91.02,73.78,22742.05,31.19,30.5,80.5513491574468,68.14296105732602,100.0,85.62787888656712,96.26201366339104,100.0
2013,河北,0,274.56,0.0,6.111,2.695,185.15,49.09,0.501,73.89,11.88,1.915,7.121,71.13,57.19,9718.47,35.36,24.13,38.52990328666188,50.31031662780923,46.172754890135245,43.71310844342421,29.109935182357283,30.42106466174222
2014,河北,0,332.29,0.21026369463869465,6.249,2.621,199.63,50.08,0.496,74.76,11.589,2.115,7.244,75.06,60.36,9943.03,34.95,24.49,40.4225026596257,52.44499240236619,51.87363777187978,51.872185866541756,31.44962541290917,36.52271980727362
2015,河北,0,328.03,-0.012820126997502346,6.399,2.696,222.59,49.1,0.482,77.51,11.829,2.064,7.404,72.76,60.39,10584.32,34.28,26.75,45.639576835532985,54.8380145941628,54.95805639073899,49.24012104579644,38.41686554604232,41.44930266840044
2016,河北,0,360.28,0.09831417858122737,6.541,2.85,215.52,49.86,0.473,79.7,12.282,2.06,7.357,75.88,62.52,10744.05,33.86,25.99,48.80461831095455,58.17531976042828,56.80109564421656,55.27805278165183,39.11793472032347,46.32904509606979
2017,河北,0,372.34,0.03347396469412689,6.636,3.038,225.98,54.94,0.474,82.1,12.727,2.06,7.353,79.75,62.84,10959.93,32.93,26.47,53.840875017317714,65.42881745993347,59.48814493155934,60.12791891131894,42.90657618206394,53.99063323696679
2018,河北,1,385.16,0.034430896492453344,6.75,2.934,208.23,51.39,0.46,82.63,12.676,2.145,7.446,81.0,63.94,11412.13,32.04,31.24,51.59529316121167,63.23623804900976,63.10874374094328,62.827317191222235,52.92278112241247,57.292831329862075
2019,河北,1,405.22,0.05208225153183088,6.849,3.152,249.36,51.27,0.457,86.25,13.017,2.05,7.532,79.57,64.8,11820.62,30.88,31.63,60.38728286338899,66.49338265361975,64.30746820437047,62.14723850226692,57.900594123184575,63.44800245747541
2020,河北,1,410.82,0.013819653521543795,7.086,3.157,247.28,53.29,0.433,86.89,13.189,2.042,7.417,82.15,65.53,12182.6,31.37,31.13,62.81693984539939,70.8361490048303,63.0552742237913,65.96778921352977,57.35845638202283,66.52468594057676
2021,河北,1,415.26,0.010807652986709604,7.398,3.294,259.64,56.3,0.478,94.11,13.289,2.136,7.517,84.15,68.49,12617.46,30.21,31.67,69.624718458669,77.05174180610078,67.9771903889891,71.6508934609525,62.62488498870405,75.82088828102246
2022,河北,1,441.6,0.06343014015315718,7.428,3.208,266.34,53.83,0.448,98.19,13.242,2.071,7.552,84.09,69.09,12778.87,29.02,33.16,69.33546456160532,80.21291302809234,66.62125283818706,72.26337479128729,68.1589003437546,78.33094209753187
2023,河北,1,456.85,0.03453351449275366,7.83,3.409,258.67,55.24,0.438,99.87,13.314,2.184,7.645,86.61,68.33,13365.94,28.56,31.35,75.98377587410486,83.84353954419986,71.7398624659482,74.32065680862078,69.21610674063557,84.31217973199779
2013,河南,0,573.18,0.0,6.775,1.502,317.54,28.25,0.379,84.75,10.131,2.134,7.642,63.15,62.32,15611.2,39.05,18.28,41.38825725840324,47.047749903980055,50.627615550857506,40.29405632924254,34.147599545699755,32.089380061460226
2014,河南,0,592.32,0.03339265152308202,6.991,1.752,338.65,30.89,0.427,87.04,9.896,2.071,7.625,63.98,61.58,15949.51,37.54,17.24,49.821963538776615,48.35603471698961,47.20428863702792,40.41502002361607,37.94175698004382,36.26735761284138
2015,河南,0,647.1,0.09248379254457051,6.909,1.519,309.24,30.24,0.398,91.48,10.702,2.117,7.643,64.96,65.94,16686.31,37.27,16.56,42.225413860180645,53.632954290053114,53.74170291055563,46.50714888982871,40.50588066132115,39.224204212952834
2016,河南,0,676.08,0.0447844228094576,7.324,1.699,328.7,31.84,0.401,92.31,10.78,2.039,7.756,65.63,64.2,17036.72,36.16,20.47,51.56630310005863,55.79157027889753,54.25044430028617,45.305917632677165,49.61309502160219,46.22723711277939
2017,河南,0,718.72,0.06306945923559337,7.508,1.709,322.68,31.04,0.396,100.0,10.573,2.301,7.907,67.2,67.52,17762.23,35.11,19.53,53.08006291042665,62.05260188757041,62.613467918990416,50.89978476555318,53.79794793417333,53.88933364701211
2018,河南,1,750.64,0.04441228851291168,7.605,1.762,355.33,30.01,0.372,99.45,10.754,2.332,7.88,67.43,68.07,18436.91,34.0,20.09,58.40964137196797,62.217323868847366,64.0548270335864,51.791598789933005,59.853320509863416,58.59180658396802
2019,河南,1,758.75,0.010804113822871164,7.813,1.768,357.06,32.97,0.371,100.0,10.462,2.418,7.984,69.3,68.65,19053.43,34.07,18.84,60.94360708228571,65.81387693716844,66.40845590609463,54.61860712104356,60.37732063411829,62.35261983961296
2020,河南,1,785.88,0.03575617792421748,7.882,1.899,392.92,29.94,0.356,100.0,11.344,2.408,7.996,70.08,70.09,19203.31,32.99,18.23,67.5110675900647,63.76341860286957,71.8372274016496,57.15966572343786,62.918847677312094,67.20011875985342
2021,河南,1,836.72,0.06469181045452244,7.988,1.914,387.76,30.92,0.37,100.0,11.206,2.452,8.006,75.09,73.47,20193.88,32.34,17.31,68.34617004766123,63.77657112443805,72.31962583627848,66.80939392165254,67.09211740201255,72.02507724429677
2022,河南,1,858.5,0.02603021321350041,8.112,1.891,384.83,34.2,0.373,100.0,11.9,2.451,8.077,73.55,73.72,20271.96,31.33,23.04,69.02756127953845,66.9367858274703,77.9005352065427,65.30840219724647,77.24444756690664,77.358794734156
2023,河南,1,934.77,0.08884100174723342,8.38,2.051,395.3,34.89,0.355,100.0,11.806,2.573,8.135,76.6,72.41,20847.61,31.82,21.48,75.5117091166985,68.92538775394142,81.58376534280494,67.35486433661686,76.14942597989739,81.72974947138847
2013,浙江,0,342.23,0.0,6.411,2.061,383.3,28.71,0.462,54.68,6.668,2.142,9.292,61.79,61.47,15104.7,33.82,17.05,53.01724462987335,15.312995784647546,59.617521081214406,37.75132636358563,44.06604747745829,31.114256114714355
2014,浙江,0,349.1,0.02007421909242324,6.623,2.273,411.92,24.97,0.454,61.26,6.592,2.213,9.4,62.54,63.34,15672.38,31.94,17.82,61.617915453522734,17.792272148382146,62.990634493019236,40.74639955610157,51.95814031344079,39.54967697653478
2015,浙江,0,362.42,0.0381552563735319,6.674,2.574,413.71,30.23,0.47,60.11,6.614,2.28,9.555,65.31,65.16,16197.0,31.68,20.1,66.99864520799966,21.058941992268213,67.72864907138843,46.02622632858474,57.46954582263317,47.25390963362178
2016,浙江,0,379.1,0.04602395011312854,6.881,2.217,441.16,30.31,0.431,62.05,7.021,2.251,9.554,64.82,65.54,16435.81,31.64,19.01,66.65476092362623,25.609744377783493,69.47372706627364,45.89017149457702,57.07418177586489,48.80452888852129
2017,浙江,0,405.4,0.06937483513584786,6.694,2.428,470.91,30.81,0.431,67.22,7.627,2.377,9.586,67.38,67.7,17521.17,30.15,19.99,71.02793992841073,30.647586764895706,77.12733137335496,51.31305132385165,66.16054696685478,58.53995188642682
2018,浙江,1,428.3,0.05648741983226446,7.172,2.513,469.37,27.97,0.443,67.11,7.713,2.388,9.639,67.66,68.76,17603.72,30.23,19.58,77.36380906354809,26.77785167102091,78.92159746705352,52.84255396426353,65.74192044583094,60.59970796175075
2019,浙江,1,484.59,0.13142657016110193,7.074,2.548,484.37,29.07,0.406,68.71,7.674,2.628,9.779,68.4,69.57,18311.05,28.5,20.38,78.42863289796735,31.938094006089756,87.54749392228179,54.62110927891035,73.8078596859098,67.8189270094156
2020,浙江,1,462.53,-0.04552301945974946,7.412,2.56,470.25,28.55,0.417,71.08,7.549,2.548,9.766,71.68,69.15,18677.91,27.99,23.06,80.78678064303543,32.695389717744895,84.43361408009162,57.945871092540855,79.88005603075139,71.22718329563959
2021,浙江,1,511.15,0.1051175058915097,7.345,2.806,505.67,30.44,0.445,72.16,8.262,2.662,9.673,70.06,72.33,19391.7,27.35,22.04,87.60284506052776,33.59467244412903,90.1434125094901,59.682740066164484,82.87204651920544,77.06157181679825
2022,浙江,1,543.14,0.06258436858065153,7.088,2.983,521.23,32.68,0.406,75.67,7.82,2.759,9.84,73.46,73.46,19555.17,27.31,22.84,89.18851351082502,41.74067240807901,93.01076234941469,64.90852609315708,84.59838674372374,83.14925694829395
2023,浙江,1,529.41,-0.02527893360827782,7.791,2.933,529.78,32.45,0.393,74.97,7.623,2.514,9.898,75.53,73.87,20565.37,26.29,24.75,96.95651161567011,41.81533665554834,86.42104121560558,67.774132164174,93.38625181469881,88.3711868290557
2013,海南,0,722.59,0.0,4.839,2.484,203.18,18.53,0.674,66.72,9.602,1.351,8.979,70.99,40.06,11760.77,38.08,21.22,23.38003269479245,0.3145672649180661,51.31276795695713,24.078763629063307,26.052043017284316,2.636461446193941
2014,海南,0,732.72,0.01401901493239599,4.925,2.582,200.33,18.23,0.688,67.85,9.941,1.404,8.882,72.0,46.2,12499.69,37.02,21.39,25.521530014008675,0.0,53.027924152901974,32.22903462937618,31.722811842135474,8.166679715641905
2015,海南,0,773.51,0.055669287040069904,5.176,2.747,211.15,19.02,0.657,70.25,9.957,1.336,9.009,73.65,42.44,12626.87,35.71,20.02,31.93523561252332,5.115075696520872,53.67134055536498,29.867642690683745,33.80191288437993,12.387214216341127
2016,海南,0,836.3,0.0811754211322413,5.066,2.885,222.33,20.45,0.653,72.01,10.244,1.405,9.007,74.74,44.83,12924.28,34.7,21.37,34.05183917571401,8.40994967664093,57.22627130066107,33.84794054325561,39.203526027349476,18.081735589668373
2017,海南,0,843.58,0.008705010163816862,5.156,2.808,199.17,23.55,0.671,74.58,10.287,1.449,9.186,76.54,46.3,13661.68,34.94,22.37,31.388371125323317,12.567920550360245,61.93095213488778,37.60548770135652,42.601559873492654,21.726208833969793
2018,海南,1,906.1,0.07411271011640852,5.382,3.046,218.99,21.51,0.64,78.1,10.392,1.505,9.14,77.34,45.08,13995.42,33.72,22.96,39.60906508228737,15.752401563607934,63.20867360839999,37.1460485111721,47.7090272803114,27.76196021824397
2019,海南,1,948.72,0.04703675091049564,5.204,3.118,235.24,20.36,0.65,76.48,10.467,1.606,9.236,78.22,48.88,14373.65,33.09,24.28,40.507853877104125,12.441675046395618,68.08590462394164,42.48569249515867,52.40189697283607,31.40341631738647
2020,海南,1,978.11,0.03097858166793155,5.381,3.211,233.09,20.74,0.651,78.68,10.573,1.652,9.336,82.32,48.19,14972.87,32.31,24.97,43.634459731863714,14.686379317025239,71.78500386404417,46.45408554975487,57.49879228034436,37.099152298862364
2021,海南,1,1008.17,0.030732739671406994,5.606,3.149,252.92,23.47,0.627,82.23,10.955,1.505,9.315,81.83,46.59,15474.35,30.6,23.87,47.223413183644844,22.305528176187508,69.91060849755691,44.06732016644433,62.334172840676935,41.26133846392451
2022,海南,1,1080.59,0.07183312338196934,5.598,3.36,247.43,23.21,0.631,85.77,10.451,1.603,9.313,84.18,47.85,15836.98,30.6,25.4,49.80554890808366,24.85131648499617,69.32010386061921,48.22371715294705,65.6261244369955,45.306640646240844
2023,海南,1,1104.67,0.022284122562674202,5.578,3.43,272.85,20.01,0.599,86.71,11.216,1.536,9.469,85.33,50.38,15948.31,29.09,25.56,53.36063518928421,24.65639870632037,75.16781334837643,52.43270832492358,70.10160321341388,50.78921049615409
2013,湖北,0,680.19,0.0,5.144,2.859,137.98,47.3,0.378,73.73,9.651,2.237,7.406,44.5,64.14,11576.6,32.36,15.14,25.55949289610847,57.06891746193248,46.025613275243614,20.743758606665573,32.2573880665376,21.11841105145068
2014,湖北,0,711.97,0.04672223937429254,4.961,2.913,141.42,51.43,0.393,73.14,9.759,2.254,7.634,46.24,62.36,11963.61,32.51,16.4,24.76920082014765,59.734456585805596,51.32340403575153,20.737405471456878,34.9135621822108,23.74612741518457
2015,湖北,0,697.98,-0.01964970434147506,4.992,2.998,140.51,45.61,0.355,79.72,9.719,2.168,7.63,48.62,62.41,12417.73,31.31,15.43,26.31887678945668,62.20611833179003,48.74435170501659,23.553144318112615,38.434957132538635,26.535531158522158
2016,湖北,0,791.15,0.13348520014900145,5.49,3.015,182.3,46.93,0.366,79.49,10.023,2.327,7.614,49.79,64.65,12834.14,30.77,14.76,36.415936687796986,62.580866071164365,54.510539688506285,27.45567002167593,40.51097212269018,33.91115169006827
2017,湖北,0,788.89,-0.002856601150224347,5.358,3.18,180.68,51.19,0.335,83.56,10.046,2.43,7.693,49.14,66.44,13231.22,29.84,18.08,37.35324634174949,72.7259294945071,58.80592248582784,28.736921460294518,48.58195483494308,41.47392823435521
2018,湖北,1,887.81,0.12539137268820744,5.596,3.208,149.04,49.37,0.344,85.25,10.279,2.371,7.706,51.68,68.39,13754.53,30.02,15.73,37.01562441417426,71.6933421825539,58.94089055431901,33.89790550815846,47.08064656352548,42.20400733127281
2019,湖北,1,863.44,-0.027449566911839085,5.686,3.429,144.02,50.14,0.36,87.77,10.226,2.678,7.751,48.54,67.79,14123.9,28.63,14.45,40.86558971006955,73.55334089765037,67.49641542146183,29.57597514027968,50.378632029024175,46.02335695718515
2020,湖北,1,937.1,0.08530992309830432,5.395,3.517,171.99,53.88,0.325,88.39,10.143,2.611,7.823,50.72,71.49,14371.64,28.41,15.92,42.02604556081444,80.42915862372026,66.54325293541051,36.308910545803705,53.72950174400244,51.624994233919686
2021,湖北,1,985.58,0.051734073204567244,5.884,3.564,195.54,53.04,0.329,90.06,10.634,2.48,7.937,53.76,70.33,14905.63,27.71,16.07,50.55468946044045,80.74223677329704,68.24095394257263,38.51428903187896,57.69334967036433,57.45489192191129
2022,湖北,1,1011.41,0.026207918180157774,5.828,3.692,180.28,51.84,0.345,94.6,11.102,2.569,7.948,54.4,73.89,15335.95,27.34,18.53,50.301634176396135,82.34359851855368,73.68209709584116,43.30291093813425,63.36409881769545,62.464545564346544
2023,湖北,1,1036.4,0.024708080798093945,5.952,3.795,194.81,55.9,0.326,98.02,10.804,2.607,7.974,52.67,76.19,15436.45,26.05,16.66,54.774484625384815,90.86159676078442,73.30792852512212,43.91195180140217,64.65756723751697,67.44433904846136
2013,湖南,0,585.95,0.0,5.626,1.181,295.05,49.44,0.543,57.76,11.618,1.768,8.784,49.62,40.67,16497.0,36.49,13.3,21.585130728270048,33.57273404624293,71.18856376620074,0.0,37.65276814171159,13.22329991965701
2014,湖南,0,640.3,0.092755354552436,5.462,1.131,302.47,47.15,0.559,58.87,10.907,1.592,8.878,49.82,42.36,16846.23,35.42,15.95,19.820604757606937,31.051909735816828,63.881965538683396,2.1529015892514334,45.05225084607148,13.016254828964879
2015,湖南,0,653.38,0.02042792441043262,5.638,1.198,340.26,50.01,0.548,61.48,11.046,1.661,8.986,49.79,42.74,17173.69,35.84,15.88,26.768242701353994,37.05859246052397,68.53625890160569,2.550080054390658,45.10710560533181,18.91503548626422
2016,湖南,0,656.1,0.004162967951268914,5.78,1.278,323.22,49.33,0.537,64.01,11.752,1.687,8.988,51.28,42.3,17863.42,34.3,14.0,27.736680027461976,39.35450117940778,73.63489663424033,3.7771343626520086,49.216547482534104,22.92488347454782
2017,湖南,0,722.72,0.10153939948178636,5.909,1.343,344.91,50.99,0.533,66.12,11.22,1.658,9.014,51.79,43.62,18483.73,34.7,16.3,32.43711587784971,43.19216318354599,70.0503862243437,5.868801502545796,53.42254578601422,27.142255648912148
2018,湖南,1,752.25,0.0408595306619437,6.019,1.18,358.76,51.65,0.502,66.74,11.688,1.866,9.057,52.43,45.26,19403.4,32.93,19.75,32.58778913726305,46.61608679029604,79.20225770860357,8.474916209477138,65.74732610204325,35.18512514055312
2019,湖南,1,764.62,0.016444001329345204,6.387,1.288,363.84,52.18,0.527,71.74,11.929,1.755,9.087,52.46,47.65,19784.91,32.77,18.48,38.785291868531715,49.75970577175774,78.33359709618037,11.22645906836257,65.96020057617775,39.36480441361505
2020,湖南,1,809.05,0.0581072951269912,6.163,1.448,368.3,55.0,0.536,71.78,11.877,1.875,9.178,54.11,46.57,20455.45,31.71,20.96,39.291050704567226,52.05550446493442,82.83008836743232,11.911483428726473,74.31225279194723,44.22003079408593
2021,湖南,1,848.78,0.04910697731907798,6.16,1.433,382.17,52.93,0.53,73.94,11.872,1.881,9.221,54.14,48.96,20223.36,30.44,18.57,40.497192629668305,52.2428365799935,83.74520940747871,14.663026287611908,73.65775955611906,45.637714725749255
2022,湖南,1,872.9,0.028417257711067734,6.397,1.64,414.44,53.26,0.507,76.07,12.397,1.948,9.291,58.87,47.9,21529.27,29.99,25.37,49.67904101087235,56.080148185892455,90.0444937573202,18.941129796604862,88.30208355024645,57.97138560120093
2023,湖南,1,909.83,0.04230725168976979,6.636,1.476,399.58,57.07,0.506,79.39,12.366,1.947,9.272,57.33,49.1,21871.23,29.28,22.65,48.17241506212288,62.974573094215444,89.47747927630773,18.520024446864284,87.93077056839796,59.17224573609201
2013,甘肃,0,478.34,0.0,6.979,1.778,283.11,28.04,0.673,73.58,6.465,1.049,8.42,48.14,60.65,17514.77,37.1,10.57,44.206656037301094,16.16866201504816,13.673477874251585,20.99609536310074,36.40748710794794,9.262285919423633
2014,甘肃,0,502.33,0.050152611113434054,6.434,1.885,284.79,25.9,0.63,74.89,6.386,1.052,8.445,47.12,62.13,18149.58,35.83,11.13,40.1162662479943,18.16924615191663,13.72068693420228,21.49605778186246,42.72352017186873,10.445904878050426
2015,甘肃,0,508.68,0.012641092508908436,6.669,1.958,292.68,24.53,0.686,79.26,6.297,0.869,8.431,49.47,62.96,18834.41,35.15,11.63,44.62837506657183,16.604891663952863,8.107953780680527,25.163664093516587,47.64162036191426,13.121453542646371
2016,甘肃,0,582.23,0.1445899190060549,7.035,2.003,314.44,28.76,0.665,80.52,6.752,1.066,8.452,51.57,64.4,19315.5,35.23,11.53,51.601142273147595,23.549895142871826,16.486939482714412,29.234870423897803,49.098097789535025,21.818280314900598
2017,甘肃,0,580.3,-0.0033148412139533123,7.159,2.049,322.66,28.92,0.621,81.95,6.172,1.155,8.643,51.28,64.29,20111.11,33.71,11.22,54.52715031922283,28.092005337852054,18.72841285536146,28.773662129909116,55.54500526352657,26.840961493868562
2018,甘肃,1,603.3,0.03963467172152346,7.2,2.175,347.46,25.14,0.602,87.01,7.348,1.164,8.663,50.73,65.86,20646.41,33.57,11.17,59.541557756352105,29.981770722412904,26.62640272558821,29.920754901028424,57.828642554513934,32.384565768442584
2019,甘肃,1,623.98,0.03427813691364179,7.399,2.103,377.63,29.09,0.618,87.52,7.236,1.027,8.635,54.54,66.09,21287.38,32.16,11.52,63.789905465082875,33.353602234465406,21.8217670820248,34.598763836273264,64.25844574262156,37.50860232084949
2020,甘肃,1,638.41,0.02312574120965416,7.565,2.213,347.24,29.47,0.615,91.25,7.189,1.114,8.66,54.62,67.54,21929.53,31.78,10.48,64.06639379301957,37.22122775359587,24.272540465870122,36.33974768670131,66.29441077474266,40.61984146609301
2021,甘肃,1,691.61,0.08333202800708017,7.601,2.399,358.34,26.21,0.617,92.58,7.106,1.174,8.783,57.22,68.78,22340.21,30.87,11.76,68.4991120219435,34.890029577190205,27.588577778007643,40.763210929269185,71.77251638341063,45.557643941126756
2022,甘肃,1,703.42,0.017076097800783563,7.823,2.467,351.7,29.64,0.601,97.92,7.285,1.177,8.803,56.44,71.52,23079.66,29.9,11.11,71.25330135037696,44.22688065748399,29.14450313514447,42.973652375403034,76.1732742684666,52.065406876267154
2023,甘肃,1,749.62,0.06567911063091758,8.109,2.618,371.48,30.09,0.584,99.97,7.499,1.129,8.792,57.09,71.48,24362.67,29.96,10.98,78.78079617034315,47.691290892906004,29.010202301268734,43.68166531116827,80.62306880763474,57.74160672352423
2013,福建,0,393.74,0.0,6.824,1.538,298.26,50.86,0.804,60.99,9.048,1.694,8.202,44.65,67.26,17082.62,36.31,10.05,40.43176077410507,19.314412893613707,42.62981490231925,24.464213229201867,36.15924964450606,16.658486255694136
2014,福建,0,425.03,0.07946868491898207,7.014,1.671,330.98,56.89,0.807,64.06,9.738,1.803,8.254,47.56,70.43,17252.58,36.31,12.79,48.01095052535055,27.989080142306722,50.72502848534726,31.44090377160226,40.27274309377111,27.836311579589232
2015,福建,0,444.58,0.045996753170364446,7.19,1.434,330.61,57.76,0.758,68.36,9.327,1.794,8.21,48.91,72.91,18015.9,35.38,11.67,46.231189110687474,36.12784035937547,47.13229638663593,35.82489938344289,44.06275501723837,31.443047494351422
2016,福建,0,487.56,0.09667551396823981,6.86,1.708,329.11,58.39,0.768,66.26,9.635,1.713,8.36,50.05,72.69,18473.42,34.66,7.96,46.71089048831505,34.227799759612786,49.66760518700539,36.8963116531454,42.88843686665302,31.600745790662543
2017,福建,0,514.67,0.0556034129132823,7.361,1.782,340.81,56.87,0.737,69.85,9.795,1.639,8.53,50.93,69.33,19377.24,33.81,10.69,54.53004087701979,38.0083321394987,51.835405903752694,34.097022539653096,51.88856086636399,38.36917235239435
2018,福建,1,519.65,0.009676103134047098,7.428,1.748,351.87,57.35,0.749,71.23,10.045,1.875,8.486,51.99,72.66,19965.19,33.09,12.93,55.9056534326978,38.85681952250248,58.774402318968974,39.11106345716702,58.759909735537974,44.59200217580536
2019,福建,1,544.88,0.0485519099393823,7.826,1.918,332.39,58.4,0.743,76.61,10.236,1.849,8.542,52.18,78.73,20234.52,31.89,12.02,60.781426764855425,45.07038318190814,60.30374437246356,46.23121756663389,61.67077747639013,52.026836723975656
2020,福建,1,573.91,0.05327778593451771,7.798,2.005,357.83,58.81,0.715,79.57,10.059,1.906,8.481,52.59,78.21,20854.12,31.47,10.72,64.51368881277037,50.07146591214807,59.58331846382032,46.11539502475231,63.39475146289358,55.424872426099
2021,福建,1,584.74,0.018870554616577495,7.972,2.138,386.58,58.63,0.732,79.79,10.351,1.98,8.693,54.25,77.7,21391.87,30.54,11.91,71.49846858472701,48.87092985106343,67.22534048702998,47.459943238157834,69.28185032346767,61.91233471053376
2022,福建,1,621.75,0.06329308752607998,8.074,2.027,392.92,61.3,0.738,82.64,10.973,1.897,8.599,55.07,78.42,21913.09,30.24,15.41,71.5675873389778,53.68429128862703,67.18091268798486,49.22892975377497,76.43313618217904,66.27666115733005
2023,福建,1,635.09,0.021455568958584692,8.161,2.102,417.47,64.7,0.724,84.35,11.326,1.924,8.777,55.23,81.14,22775.4,29.12,14.63,76.2691809754341,59.67203114409637,73.34397305836127,52.50628740469442,81.50859142134728,74.13997009003899
2013,西藏,0,563.58,0.0,6.038,0.782,367.11,23.09,0.578,67.81,7.036,1.272,9.427,63.68,59.0,16722.1,40.61,16.37,27.54714121477778,12.779216074948277,41.53807492847252,37.13451512725477,31.86297430149342,11.88293576946604
2014,西藏,0,576.5,0.022924873132474488,6.445,1.251,399.04,22.77,0.542,69.33,7.182,1.185,9.393,66.4,58.28,16999.85,40.13,18.33,42.57509963156359,16.337982966562187,39.53635273370474,39.4691066094207,36.612401090546314,20.723340401431823
2015,西藏,0,598.73,0.03856027753686031,6.038,1.157,399.97,26.15,0.543,72.56,6.981,1.267,9.501,71.36,63.52,17845.41,39.36,19.47,36.8067574822295,22.569312594840152,42.42282819116777,51.175178515768835,43.17110098694108,26.880607458067686
2016,西藏,0,649.66,0.08506338416314518,6.618,1.301,424.38,28.42,0.537,78.17,7.439,1.379,9.529,67.88,62.61,18284.27,38.28,16.53,47.9089259650438,30.23885073695099,48.717491771796624,46.10673521276014,43.825789414096434,33.798873364347685
2017,西藏,0,671.25,0.03323276790936802,6.4,1.176,437.17,27.06,0.553,79.76,7.842,1.401,9.622,71.47,61.47,18547.19,38.03,17.61,44.97171213836749,29.094488387918705,53.50053237307048,48.97240970215623,46.81414259342267,35.26310071206383
2018,西藏,1,692.14,0.031121042830539958,6.595,1.142,475.72,28.79,0.541,79.85,7.622,1.496,9.6,74.41,62.73,19265.91,36.31,18.1,50.650110977010975,31.805124713644016,54.22616987087346,53.8127363549561,54.50292992626245,42.506627784278656
2019,西藏,1,726.43,0.04954200017337529,6.671,1.39,482.86,26.37,0.541,80.57,7.866,1.513,9.635,74.44,63.27,20238.7,35.97,20.71,56.05265698847847,29.9462128004625,56.82791605435485,54.46134258949296,62.30372274136984,47.34841206833571
2020,西藏,1,758.7,0.04442272483239962,6.712,1.336,496.93,23.86,0.534,85.46,7.877,1.564,9.748,75.15,66.63,20613.99,35.42,20.82,57.15683608344266,32.14074760536994,60.3073916804964,59.10376419351494,65.2436475927854,51.70640744806689
2021,西藏,1,821.91,0.08331356267299328,7.056,1.332,512.69,27.88,0.506,88.32,7.94,1.564,9.805,76.23,65.97,21131.93,34.07,20.7,62.500015660377336,40.767102018923715,61.743587791275175,59.60546639391844,70.46564647647263,58.704347007983564
2022,西藏,1,805.96,-0.01940601769050132,7.025,1.386,520.04,27.43,0.501,89.34,8.113,1.575,9.856,76.36,66.83,21803.26,33.58,20.27,63.774289464187895,41.552029980097615,64.0408490574801,60.73374411076584,73.66628814747517,61.372835547481685
2023,西藏,1,832.6,0.03305374956573526,7.191,1.41,537.13,27.81,0.521,87.65,7.705,1.587,9.839,79.47,69.56,21912.45,32.93,22.77,67.75729462105797,39.043078354672126,61.513179974946716,67.44211731816765,78.90985303187409,65.33806790964043
2013,贵州,0,724.35,0.0,4.754,2.679,312.5,42.8,0.616,70.28,7.381,2.067,7.373,48.97,72.23,12240.37,32.55,29.2,37.04615731193152,32.51147503138014,26.876561636751045,35.12148025313628,52.10544841691426,24.1779294581251
2014,贵州,0,719.87,-0.00618485538758895,4.769,2.859,356.94,42.8,0.626,72.44,8.318,1.987,7.487,49.67,72.27,12636.05,32.02,31.21,44.69149821329519,33.690883059033496,32.67966444245984,35.978391130084944,57.48446074753224,30.928368640785752
2015,贵州,0,785.74,0.09150263241974255,4.716,2.855,355.74,45.35,0.58,75.05,8.359,2.162,7.528,52.48,74.62,13040.8,30.88,29.07,43.92730159667171,41.86560568303897,38.27982725106535,41.90704894035081,59.18228821911008,36.95760409214251
2016,贵州,0,792.41,0.008488813093389558,5.037,2.94,395.27,46.68,0.609,75.62,8.471,2.207,7.542,53.06,75.7,13406.08,29.95,34.06,52.910869239751165,41.671657090755886,40.412629969729394,43.80704687802538,69.25722798321476,44.748170818229
2017,贵州,0,842.93,0.06375487437059091,5.113,2.941,404.93,45.68,0.575,78.0,8.559,2.1,7.658,52.67,78.26,13908.96,30.09,33.21,54.77506048769818,45.14143573122161,40.277152204389225,46.26496737567331,69.6883162777157,47.46660708055139
2018,贵州,1,908.03,0.07723061226910888,5.095,3.101,416.56,45.42,0.589,81.35,8.477,2.257,7.596,55.97,79.34,14140.45,29.75,35.05,58.27711162512665,46.81044640353528,42.75276199246341,51.31799699526027,73.75559596993267,52.85560140368888
2019,贵州,1,924.09,0.017686640309241053,5.191,3.177,431.59,44.85,0.605,83.73,8.753,2.254,7.692,55.41,81.2,14433.31,28.69,37.64,62.08298415166611,47.16980202976375,46.14675220839727,52.78314726303515,80.84378269066707,57.98879427362888
2020,贵州,1,962.22,0.04126221471934555,5.237,3.342,461.18,44.91,0.6,88.92,8.51,2.407,7.732,56.73,82.14,15053.47,28.11,34.84,68.26012600211162,52.127884433527726,49.389358109003716,55.381814140691056,81.07255990074765,63.66754167847449
2021,贵州,1,998.06,0.03724719918521746,5.25,3.332,468.56,46.27,0.585,90.47,9.127,2.397,7.859,58.55,83.53,15250.66,26.88,37.24,69.02926005274482,55.948607535099704,55.28342282857267,59.07160755530477,87.99813753212493,69.94115413993372
2022,贵州,1,1044.61,0.046640482536119965,5.414,3.364,439.79,50.33,0.548,95.19,8.772,2.425,7.856,57.69,80.93,15747.21,26.48,41.12,68.25400165742819,66.88302929589547,53.76129774737799,55.11921462738031,95.79614322104167,73.95177385658624
2023,贵州,1,1089.38,0.04285810015221014,5.833,3.7,472.61,47.66,0.546,95.15,8.934,2.431,7.953,58.54,85.26,16466.41,25.8,36.04,81.45749276356278,64.24412779383263,56.70272366444708,61.02654545145331,93.75123051192007,80.26207239877938
2013,辽宁,0,537.29,0.0,7.156,1.788,134.88,54.45,0.382,79.32,11.146,2.01,7.685,45.72,56.52,12971.23,35.8,9.04,30.57437010003829,69.02934643108759,54.4573721667307,13.496160604912305,20.89899135619589,23.0009480585709
2014,辽宁,0,571.28,0.06326192558953259,7.213,1.729,139.53,58.3,0.377,81.05,11.107,2.21,7.785,47.26,57.88,13187.99,34.56,10.8,30.77698330449167,74.85791671809972,61.29962713992215,16.82727555375148,27.109577334193226,29.571230988926505
2015,辽宁,0,574.29,0.005268869906175588,7.162,1.832,133.97,57.56,0.383,82.06,11.371,2.216,7.844,45.15,59.15,13722.59,33.8,9.82,31.220962421939447,74.5542531540427,64.17684539529932,15.824995169173725,29.793066108831173,30.86609978249112
2016,辽宁,0,608.62,0.059778160859496055,7.401,1.784,153.76,59.78,0.37,88.06,11.548,2.273,7.807,49.31,62.51,13965.68,34.29,9.03,35.173361855304805,83.01098021322316,66.09250841797201,24.466666516797837,28.440558192520733,37.8694082054103
2017,辽宁,0,650.77,0.0692550359830435,7.487,1.956,172.34,57.03,0.368,88.67,11.87,2.289,7.904,47.3,62.42,14289.86,32.73,14.38,40.725883955782486,80.85853348797978,70.28894894763657,22.034363815122205,40.43001438714743,43.40690053650328
2018,辽宁,1,691.16,0.06206493845751959,7.531,2.141,160.69,61.23,0.37,93.44,11.878,2.276,7.96,52.16,64.74,14737.91,32.45,10.45,42.81922318024486,89.20961131054732,71.02437071170816,30.305285740075245,37.81663484572788,48.84441384981547
2019,辽宁,1,715.01,0.034507205278083264,7.676,2.066,183.22,61.91,0.353,94.49,12.056,2.378,8.025,49.7,66.88,15437.13,31.4,11.94,45.62547473859268,92.03559652888096,75.99823000165966,29.88623294170979,44.991687810745425,54.169020760536036
2020,辽宁,1,744.69,0.04150990895232254,7.862,2.072,161.62,61.86,0.336,96.8,12.16,2.451,7.979,52.78,66.7,15563.62,31.62,11.06,45.448303453505346,95.21326572030799,77.71601103519646,33.25196759040928,43.781382149202756,56.194997575617805
2021,辽宁,1,746.4,0.0022962575031220123,8.087,2.207,191.78,62.34,0.364,100.0,12.045,2.409,8.206,52.23,63.81,16200.1,30.04,12.38,53.167007223720084,96.51735073626065,80.06336052346902,29.329278013098996,51.86150912161208,61.53550212895117
2022,辽宁,1,797.46,0.0684083601286174,8.293,2.168,194.15,61.99,0.369,100.0,12.321,2.516,8.118,53.86,69.03,16554.69,29.3,13.7,55.05378901541798,95.80212056901203,82.97032006842872,37.15247006475996,56.747596423261534,66.76911432641523
2023,辽宁,1,841.87,0.055689313570586485,8.205,2.282,212.09,63.93,0.338,100.0,13.008,2.567,8.224,54.5,73.6,16979.65,28.01,11.02,57.755844786861566,100.0,90.51475627832637,43.089181695659605,58.21761779003953,73.30308156240352
2013,重庆,0,822.96,0.0,5.821,2.92,185.11,16.62,0.623,83.43,6.622,1.758,7.678,63.5,50.86,9108.5,38.17,10.44,38.84367285252559,16.594703673078044,19.650662503332747,27.672937471759095,2.266298256638796,0.0
2014,重庆,0,858.06,0.042650918635170454,5.819,3.09,196.06,19.72,0.601,87.84,7.117,1.978,7.767,64.21,51.42,9612.78,37.83,11.97,42.601436453857886,25.204755525662453,30.128681810108116,29.132536076766986,6.953471171387848,8.646068479994055
2015,重庆,0,917.84,0.06966878773046181,5.887,3.128,198.34,19.51,0.638,90.07,6.826,1.909,7.881,64.72,52.46,9963.52,37.95,9.92,44.16675217253989,24.310994725098702,28.60305067110612,30.905920916759367,5.345343742974675,8.67263356298516
2016,重庆,0,957.97,0.043722217379935424,5.998,3.159,187.56,17.58,0.626,93.65,7.788,1.959,7.821,67.77,56.37,10212.76,36.19,12.07,44.70708831686093,26.311093167023454,34.78261990254489,38.886074504291734,13.500952801065822,16.094694734551307
2017,重庆,0,984.71,0.027913191436057527,6.169,3.241,180.09,20.94,0.617,93.87,7.324,1.962,7.898,66.59,53.36,10652.9,35.51,12.03,47.03532012401024,30.59871868102307,33.39530368306195,34.09668044775725,16.823461375460315,17.579534638085523
2018,重庆,1,1072.09,0.08873678544952313,6.032,3.391,195.36,17.43,0.578,100.0,7.407,2.093,7.897,69.65,54.46,10942.89,35.15,14.2,49.47708882799886,35.123456768505115,37.33067455814781,38.894235839521386,21.57860628127643,23.936439568176063
2019,重庆,1,1077.06,0.004635804829818513,6.25,3.502,215.63,16.09,0.616,100.0,7.153,1.954,7.995,68.29,56.46,11371.48,34.38,13.77,55.70199294394681,31.045285062018273,33.903563663847955,39.591164997860965,24.592570292307435,25.46970555082665
2020,重庆,1,1137.13,0.05577219467810535,6.115,3.577,237.86,18.87,0.559,100.0,7.503,2.152,8.007,72.77,57.88,11778.14,33.71,11.96,57.74754311069687,37.95446286776675,41.492404719862385,46.39853959992256,25.5158820848136,32.71527624743097
2021,重庆,1,1205.79,0.060380079674267506,6.588,3.632,240.9,18.55,0.587,100.0,7.932,2.129,8.03,72.54,57.64,11882.8,32.85,16.75,64.05227866082271,35.63586120840815,43.97162385525459,45.859109550433594,34.18921289336366,37.63957313138544
2022,重庆,1,1231.63,0.021429933902255005,6.786,3.769,255.08,21.75,0.585,100.0,7.712,2.159,8.216,74.56,58.21,12154.41,31.96,14.7,69.81525712720725,39.069064902341154,46.80574263799635,48.84863108018254,34.86778435020126,42.84085272843636
2023,重庆,1,1301.58,0.05679465423869168,6.857,3.98,251.69,20.38,0.568,100.0,7.388,2.332,8.227,76.32,57.84,12595.54,30.79,15.53,73.47761166210095,38.86796976993878,49.53903842335167,50.46824072596201,40.551583362924724,47.18729893654136
2013,陕西,0,323.08,0.0,4.706,2.281,253.56,44.17,0.371,54.14,8.385,1.361,8.657,59.25,62.98,10954.95,40.36,7.66,24.14736172590954,37.20647238655311,38.120445310589076,36.523402164503395,0.0,7.178919115451429
2014,陕西,0,319.54,-0.010957038504395111,4.814,2.477,295.49,45.26,0.361,54.85,8.576,1.566,8.753,61.2,62.87,11286.82,39.28,10.55,32.78289570853112,39.65926574567905,46.44732186639761,38.658808196795505,7.665495065538051,16.452007264389927
2015,陕西,0,327.6,0.02522375915378361,5.04,2.294,270.49,47.0,0.324,62.34,8.603,1.417,8.912,62.12,65.22,12082.22,38.39,9.42,29.76786957130492,50.631316255726276,45.61955170521723,42.396572669261936,11.459815512288838,20.920106546897944
2016,陕西,0,353.94,0.08040293040293034,5.166,2.507,299.63,48.72,0.382,62.04,8.452,1.68,8.824,64.3,68.31,12107.92,37.73,11.35,37.505373425545024,48.01669871312641,49.9728746737125,48.436107350000775,15.69431842004457,27.440076366478575
2017,陕西,0,372.57,0.052636040006780904,5.167,2.429,284.02,48.41,0.357,66.14,8.574,1.493,9.008,64.38,67.13,12651.83,37.05,10.67,34.6603271033937,53.06159352877927,49.195384369822406,47.18751102635485,18.589212212924522,28.24786455960404
2018,陕西,1,359.37,-0.035429583702391465,5.372,2.636,311.16,50.92,0.369,64.72,9.169,1.589,8.945,64.47,69.78,12879.98,36.19,11.02,42.95113231273677,53.547947306768506,54.25090396407054,50.3041539046027,22.07939213750008,34.9742414574362
2019,陕西,1,398.57,0.10907977850126604,5.402,2.725,331.28,48.16,0.38,68.5,8.927,1.601,8.989,65.72,69.0,13379.24,35.12,11.26,46.78013470668784,53.235186428495936,53.87171860680653,50.866513885167976,26.973969227622618,38.02779548996146
2020,陕西,1,403.12,0.011415811526206188,5.556,2.783,339.54,47.8,0.342,72.43,8.941,1.567,9.048,66.56,70.21,13858.71,34.77,11.59,50.220960952665315,59.00360519518524,54.14811452806991,53.2156784820972,30.06959588660822,43.004611917703244
2021,陕西,1,421.13,0.044676523119666633,5.674,2.83,344.27,48.47,0.357,71.17,9.675,1.557,9.151,68.55,73.18,14098.35,33.28,11.65,52.72739849835183,57.52441389379806,60.32778316443155,58.89855792627411,34.84375961376466,48.305621145627
2022,陕西,1,465.81,0.10609550495096531,5.97,2.995,348.88,49.69,0.337,70.72,9.299,1.791,9.094,70.41,75.43,14286.74,32.84,11.49,58.97158046265746,59.806472669068796,63.092670209668654,63.61230080355431,36.464894432389826,54.160667661434005
2023,陕西,1,454.88,-0.023464502694231615,6.034,3.004,374.38,51.24,0.34,75.12,9.234,1.754,9.205,72.51,76.5,14829.92,31.7,10.13,62.50731380480056,65.03731752957403,63.75395848094795,67.2629198090658,39.6683768021898,59.542377256211005
2013,青海,0,736.54,0.0,6.671,1.339,286.05,62.24,0.705,64.93,10.473,1.342,7.089,47.68,68.03,15644.17,40.2,25.97,34.41089478288449,41.50004428119562,21.816327078034263,28.851874111355215,41.10363227678345,19.311729561648246
2014,青海,0,785.43,0.06637792923670127,6.637,1.389,293.33,59.65,0.718,68.64,10.81,1.52,7.029,49.1,72.87,16243.35,38.83,29.31,35.58355458196337,41.15876828652189,27.479011199964464,35.99967902006115,51.07543684442453,26.431543049678208
2015,青海,0,825.33,0.050800198617318104,7.068,1.408,306.26,59.52,0.677,71.57,10.669,1.465,7.101,50.3,72.25,16658.59,38.21,31.1,41.92572173545849,46.50192188755795,26.481073866804472,36.68595445935846,56.47755129296518,32.32298458084991
2016,青海,0,879.16,0.06522239589012879,7.277,1.42,340.67,59.49,0.683,72.12,11.816,1.389,7.158,49.52,75.99,17360.96,37.7,30.52,48.026095275424254,46.525983091801606,32.64644883831138,40.033118405140215,59.65404621904287,38.273438915723275
2017,青海,0,888.17,0.010248418945356885,7.295,1.512,336.09,63.06,0.706,75.53,11.184,1.529,7.183,51.01,77.25,17414.11,36.63,30.83,49.15356789399999,51.547044440244285,32.85965773400913,43.192600962802985,62.97960805632634,42.41257754299707
2018,青海,1,944.35,0.06325365639460911,7.305,1.488,354.59,63.77,0.683,77.08,11.537,1.486,7.225,50.87,78.15,18346.68,36.23,30.6,50.85283178451333,55.26768970852823,34.690886486079734,44.053362817093536,67.17532561489521,46.298237710518144
2019,青海,1,974.37,0.031789061259067,7.559,1.637,348.89,63.75,0.667,78.57,11.358,1.569,7.33,53.67,77.58,18858.98,35.22,36.59,55.3019731060402,57.68768210080837,37.685061557214745,46.65119890014524,79.27182723020486,54.18736150089703
2020,青海,1,1022.5,0.04939601999240528,7.775,1.681,338.83,66.71,0.68,81.09,11.88,1.648,7.353,55.27,81.85,19352.08,33.84,35.27,57.2588479038601,62.01318526315806,43.41875183611479,53.359728492413716,82.95327302532249,60.98132940886311
2021,青海,1,1098.08,0.07391687041564787,7.441,1.591,386.11,68.09,0.64,84.97,11.997,1.532,7.451,53.42,82.46,19751.33,32.9,35.6,57.25639976204976,69.66949602874953,42.8967840593713,51.90860399236881,87.25834968047198,64.18356765027154
2022,青海,1,1127.72,0.026992568847442833,7.689,1.543,375.3,65.89,0.654,86.07,11.588,1.756,7.469,57.23,83.56,20454.8,31.67,35.37,58.063815854897484,67.37459066639387,46.56998064120669,57.575561502307316,92.723460832725,68.17264959201536
2023,青海,1,1168.37,0.03604618167630247,8.047,1.665,409.41,67.73,0.632,89.97,12.803,1.65,7.516,59.2,85.49,21069.78,32.16,36.28,67.44476239410275,74.24253698774254,52.18624579422384,62.05306549036577,94.91334569420516,77.5028603812913
2013,黑龙江,0,465.27,0.0,5.07,0.953,181.47,26.56,0.633,62.55,11.645,1.484,7.713,62.53,70.79,17668.33,40.15,21.69,0.0,7.837712914446519,44.258387965390696,49.20339015023602,43.31539987908318,7.510004295311344
2014,黑龙江,0,482.96,0.03802093408128604,5.179,1.226,178.8,26.13,0.646,67.21,11.161,1.553,7.618,64.05,70.61,18376.35,39.66,20.85,5.106410284347273,10.54915147192153,41.325028196320076,50.76076839313279,46.13139504056023,11.07694479846542
2015,黑龙江,0,497.79,0.03070647672685123,5.617,1.26,226.26,24.64,0.632,69.48,11.389,1.685,7.754,66.37,72.11,18855.71,38.21,20.83,15.414829116557218,11.997668200152448,48.6987288926438,55.15520269482403,51.592609063716964,20.485107599093283
2016,黑龙江,0,519.22,0.043050282247534044,5.599,1.253,211.75,26.62,0.597,70.84,12.138,1.519,7.805,67.86,71.27,19635.54,38.32,24.85,13.5739324700756,17.710862247802996,49.92263327037569,55.9275680032262,59.31815975692983,24.545917901346847
2017,黑龙江,0,510.32,-0.017141096259774335,5.742,1.073,212.98,25.27,0.63,74.15,12.014,1.551,7.814,67.4,71.5,20140.65,36.78,23.19,12.48362112739466,16.87383166412347,50.15852680458828,55.65578087899829,63.02102519618592,24.991659815051083
2018,黑龙江,1,534.05,0.04650023514657464,5.993,1.168,206.13,27.44,0.613,76.21,12.177,1.531,7.879,69.04,75.35,21006.01,36.73,29.58,15.946376511927273,22.115956331167286,51.83674719834035,61.933255134383955,74.48494752770496,34.03598923108989
2019,黑龙江,1,595.66,0.11536372998782896,5.741,1.325,233.35,26.91,0.593,80.28,12.361,1.732,7.989,68.46,74.72,21350.72,35.37,28.28,18.513813713170396,26.55307262163661,60.27196260780882,60.544782321550926,77.58921226754906,39.00238338514836
2020,黑龙江,1,578.43,-0.028925897323976768,6.111,1.33,256.04,26.31,0.588,79.53,12.864,1.765,7.995,71.29,81.68,22400.73,35.34,27.69,25.01230113372394,25.635028862230687,64.36847332067363,71.73691491167823,80.81849152567057,46.821063741617934
2021,黑龙江,1,619.78,0.07148661030721093,6.185,1.307,241.06,27.26,0.597,83.12,12.904,1.725,8.131,71.8,81.86,22397.44,33.54,28.41,23.873913130596737,29.113745484018754,66.06084935243632,72.53271840197341,86.32061918905576,49.86730669481619
2022,黑龙江,1,657.17,0.06032785827229015,6.351,1.562,256.33,23.43,0.587,82.61,13.119,1.681,8.138,72.96,80.94,23337.12,32.78,30.32,31.22294866903018,25.439010411332625,66.3678798718444,72.83160897840706,94.1820361532476,54.268173190607015
2023,黑龙江,1,679.76,0.03437466713331405,6.514,1.469,273.86,29.31,0.57,87.14,12.981,1.979,8.101,75.02,83.31,23975.93,31.88,30.51,33.41745267142374,36.65793318810502,72.65597495305602,77.91359912049151,99.0973238520598,63.34566900104717
